Workbook

Sheet Rules
A1: FIF8A World Cup 2026
A2: =MID(CELL("filename",A1),FIND("]",CELL("filename",A1))+1,50) -> Rules
B10: Internal rules
B12: 1. Fill in your name, surname and office in the
B13: ='Player Template'!A2 -> Player Template
B15: 2. Fill your predictions for the different groups, the group table will be filled automatically depending on your predictions.
B17: 3. This year we introduce rates to all matches based on actual FIFA Rankings. Points for the standing will be attributed as followed:
C19: 6 | D19: points for each good pronostic (winner or draw) multiplied by the rate
C21: 2 | D21: additional point if you have the right goal difference between the two teams (you predicted A wining 1-0 to B and the final score is 2-1 for A)
C23: 3 | D23: additional points if you predicted the right score
B25: ="Everyone can thus win "&SUM($C$19:$C$23)&" points per game." -> Everyone can thus win 11 points per game.
B27: In addition, there will be points awarded based on your global predictive performance for each group:
C29: 30 | D29: points per group where you predicted the 2 teams going to the knock-out stage (in any order)
C31: 60 | D31: additional points if you predicted the right group table (in the right order 1,2,3 and 4) ie you win 15 points in total
B34: 4. Fill your prediction for the final teams that will remain at the latest stages of the competition in
B35: ='Last 8 teams predictions'!A2 -> Last 8 teams predictions
C37: 20 | D37: points per correct guessed team going into the quarter-finals
C39: 40 | D39: points per correct guessed team going into the semi-finals
C41: 60 | D41: points per correct guessed team going into the final
C43: 100 | D43: points if you found the World Cup champion in advance

Sheet Player Template
A1: FIF8A World Cup 2026
A2: =MID(CELL("filename",A1),FIND("]",CELL("filename",A1))+1,50) -> Player Template
B3: Tab Check | G3: GLOBAL CHECK
B4: =IF(SUM(A27:A120)>0,"Uncomplete","OK") -> Uncomplete | G4: =IF(AND('Player Template'!$B$4="OK",'Last 8 teams predictions'!$F$4="OK"),"OK","Uncomplete") -> Uncomplete
F6: Average rate | G6: Average | H6: =AVERAGE(H27:H123) -> 2.8340898 | K6: =AVERAGE(K27:K123) -> 4.3045843 | N6: =AVERAGE(N27:N123) -> 3.3689678 | AF6: Dispersion | AI6: =(_xlfn.MAXIFS('FIFA rankings'!$D$15:$D$62,'FIFA rankings'!$C$15:$C$62,TRUE)-_xlfn.MINIFS('FIFA rankings'!$D$15:$D$62,'FIFA rankings'!$C$15:$C$62,TRUE))*4 -> 2383
F7: Max rate | G7: Max | H7: =MAX(H27:H123) -> 7.4829528 | K7: =MAX(K27:K123) -> 5.5980834 | N7: =MAX(N27:N123) -> 8.0463535 | AF7: Expected goals per team per game | AI7: 1.4
F8: Min rate | G8: Min | H8: =MIN(H27:H123) -> 1.4397861 | K8: =MIN(K27:K123) -> 3.9557544 | N8: =MIN(N27:N123) -> 1.4728545
F9: Group | H9: Rate A | K9: Rate Draw | N9: Rate B | Q9: Time | R9: Team 1 | S9: Score Team 1 | T9: Score Team 2 | U9: Team 2
G12: Name
G15: Surname
G18: Office
G21: Email
AN25: Outcome probability
F26: Group A | G26: =$F26 & " / Odds" -> Group A / Odds | P26: =$F26 & " / Results" -> Group A / Results | X26: Ranking | Y26: Pts | Z26: GF | AA26: GA | AB26: ="+/-" -> +/- | AE26: Equipe A | AF26: Equipe B | AG26: Pts A | AH26: Pts B | AI26: Diff. | AK26: xG A | AL26: xG B | AN26: A | AO26: Draw | AP26: B | BD26: Rank | BE26: Team | BF26: Pts | BG26: GF | BH26: GA | BI26: GD | BJ26: Ag1 | BK26: Ag2 | BL26: Ag3 | BM26: Ag4 | BN26: Sp1 | BO26: Sp2 | BP26: Sp3 | BQ26: Sp4 | BR26: T123 | BS26: T124 | BT26: T134 | BU26: T234 | BV26: Rk1 | BW26: Rk2 | BX26: Rk3 | BY26: Rk4 | BZ26: T1234 | CA26: T123 | CB26: T124 | CC26: T134 | CD26: T234 | CE26: T12 | CF26: T13 | CG26: T14 | CH26: T23 | CI26: T24 | CJ26: T34 | CK26: NoT | CL26: sRk1 | CM26: sRk2 | CN26: sRk3 | CO26: sRk4
A27: =IF(OR(ISBLANK(S27),ISBLANK(T27)),1,0) -> 1 | C27: 1 | D27: A1 | E27: Group | F27: Group A | G27: =R27 -> Mexico | H27: =AN27 -> 1.872786 | J27: Draw | K27: =AO27 -> 4.2977309 | M27: =U27 -> South Africa | N27: =AP27 -> 4.2954634 | P27: 46184 | Q27: 0.875 | R27: Mexico | U27: South Africa | W27: =BA27 -> 1 | X27: =INDEX(BE27:BE30,MATCH(BC27,$BD27:$BD30,0)) -> Mexico | Y27: =INDEX(BF27:BF30,MATCH(BC27,$BD27:$BD30,0)) -> 0 | Z27: =INDEX(BG27:BG30,MATCH(BC27,$BD27:$BD30,0)) -> 0 | AA27: =INDEX(BH27:BH30,MATCH(BC27,$BD27:$BD30,0)) -> 0 | AB27: =INDEX(BI27:BI30,MATCH(BC27,$BD27:$BD30,0)) -> 0 | AE27: =R27 -> Mexico | AF27: =U27 -> South Africa | AG27: =_xlfn.XLOOKUP(AE27,'FIFA rankings'!$B:$B,'FIFA rankings'!$D:$D) -> 1681.03 | AH27: =_xlfn.XLOOKUP(AF27,'FIFA rankings'!$B:$B,'FIFA rankings'!$D:$D) -> 1429.73 | AI27: =IFERROR(AG27-AH27,"n.a.") -> 251.3 | AK27: =IFERROR($AI$7*POWER(10,$AI27/$AI$6),"n.a.") -> 1.7847745 | AL27: =IFERROR($AI$7*POWER(10,-$AI27/$AI$6),"n.a.") -> 1.098178 | AN27: {=1/SUMPRODUCT(_xlfn.POISSON.DIST(ROW($1:$8)-1,$AK27,FALSE)*_xlfn.POISSON.DIST(TRANSPOSE(ROW($1:$8)-1),$AL27,FALSE)*((ROW($1:$8)-1)>(TRANSPOSE(ROW($1:$8)-1))))} -> 1.872786 | AO27: {=1/SUMPRODUCT(_xlfn.POISSON.DIST(ROW($1:$8)-1,$AK27,FALSE)*_xlfn.POISSON.DIST(TRANSPOSE(ROW($1:$8)-1),$AL27,FALSE)*((ROW($1:$8)-1)=(TRANSPOSE(ROW($1:$8)-1))))} -> 4.2977309 | AP27: {=1/SUMPRODUCT(_xlfn.POISSON.DIST(ROW($1:$8)-1,$AK27,FALSE)*_xlfn.POISSON.DIST(TRANSPOSE(ROW($1:$8)-1),$AL27,FALSE)*((ROW($1:$8)-1)<(TRANSPOSE(ROW($1:$8)-1))))} -> 4.2954634 | AS27: =1-SUM(1/AN27,1/AO27,1/AP27) -> 0.00055150059 | BA27: 1 | BB27: =ROUND(BC27,0) -> 2 | BC27: =MIN(BD27:BD30) -> 2.45 | BD27: =SUM(BV27:BY27)+2.45 -> 2.45 | BE27: =R27 -> Mexico | BF27: =SUM(BJ27:BM27) -> 0 | BG27: =S27+S29+T31 -> 0 | BH27: =T27+T29+S31 -> 0 | BI27: =BG27-BH27 -> 0 | BJ27: x | BK27: =IF(ISBLANK(S27),0,IF(S27>T27,3,IF(S27=T27,1,0))) -> 0 | BL27: =IF(ISBLANK(S29),0,IF(S29>T29,3,IF(S29=T29,1,0))) -> 0 | BM27: =IF(ISBLANK(T31),0,IF(T31>S31,3,IF(T31=S31,1,0))) -> 0 | BN27: x | BO27: =(10*(BI27-BI28)+BG27-BG28>0) -> FALSE | BP27: =10*(BI27-BI29)+BG27-BG29>0 -> FALSE | BQ27: =10*(BI27-BI30)+BG27-BG30>0 -> FALSE | BR27: =10000*(BK27+BL27)+(S29-T29+S27-T27)*100+(S29+S27) -> 0 | BS27: =10000*(BK27+BM27)+(S27-T27+T31-S31)*100+(S27+T31) -> 0 | BT27: =10000*(BL27+BM27)+(T31-S31+S29-T29)*100+(T31+S29) -> 0 | BU27: x | BV27: x | BW27: =IF($BF27>$BF28,-0.5,IF($BF28>$BF27,0.5,IF(BO27,-0.5,IF(BN28,0.5,CM27)))) -> 0 | BX27: =IF($BF27>$BF29,-0.5,IF($BF29>$BF27,0.5,IF(BP27,-0.5,IF(BN29,0.5,CN27)))) -> 0 | BY27: =IF($BF27>$BF30,-0.5,IF($BF30>$BF27,0.5,IF(BQ27,-0.5,IF(BN30,0.5,CO27)))) -> 0 | BZ27: =AND(AND(BF27=BF28,BF28=BF29,BF29=BF30),AND(BG27=BG28,BG28=BG29,BG29=BG30),AND(BH27=BH28,BH28=BH29,BH29=BH30)) -> TRUE | CA27: =AND(NOT(BZ27),BF27=BF28,BF27=BF29,BG27=BG28,BG27=BG29,BH27=BH28,BH27=BH29) -> FALSE | CB27: =AND(NOT(BZ27),BF27=BF28,BF27=BF30,BG27=BG28,BG27=BG30,BH27=BH28,BH27=BH30) -> FALSE | CC27: =AND(NOT(BZ27),BF27=BF29,BF27=BF30,BG27=BG29,BG27=BG30,BH27=BH29,BH27=BH30) -> FALSE | CD27: =AND(NOT(BZ27),BF28=BF29,BF28=BF30,BG28=BG29,BG28=BG30,BH28=BH29,BH28=BH30) -> FALSE | CE27: =AND(NOT(BZ27),NOT(CA27),NOT(CB27),BF27=BF28,BG27=BG28,BH27=BH28) -> FALSE | CF27: =AND(NOT(BZ27),NOT(CA27),NOT(CC27),BF27=BF29,BG27=BG29,BH27=BH29) -> FALSE | CG27: =AND(NOT(BZ27),NOT(CB27),NOT(CC27),BF27=BF30,BG27=BG30,BH27=BH30) -> FALSE | CH27: =AND(NOT(BZ27),NOT(CA27),NOT(CD27),BF28=BF29,BG28=BG29) -> FALSE | CI27: =AND(NOT(BZ27),NOT(CB27),NOT(CD27),BF28=BF30,BG28=BG30,BH28=BH30) -> FALSE | CJ27: =AND(NOT(BZ27),NOT(CC27),NOT(CD27),BF29=BF30,BG29=BG30,BH29=BH30) -> FALSE | CK27: {=AND(NOT(BZ27:CJ27))} -> FALSE | CL27: x | CM27: =IF($CE27,IF(T27-S27<0,-0.5,IF(S27-T27<0,0.5,0)),IF($CA27,IF($BR27>$BR28,-0.5,IF($BR27<$BR28,0.5,0)),IF($CB27,IF($BS27>$BS28,-0.5, IF($BS27<$BS28,0.5,0)),0))) -> 0 | CN27: =IF($CF27,IF(T29-S29<0,-0.5,IF(S29-T29<0,0.5,0)),IF($CA27,IF($BR27>$BR29,-0.5,IF($BR27<$BR29,0.5,0)),IF($CC27,IF($BT27>$BT29,-0.5,IF($BT27<$BT29,0.5,0)),0))) -> 0 | CO27: =IF($CG27,IF(S31-T31<0,-0.5,IF(T31-S31<0,0.5,0)),IF($CB27,IF($BS27>$BS30,-0.5,IF($BS27<$BS30,0.5,0)),IF($CC27,IF($BT27>$BT30,-0.5, IF($BT27<$BT30,0.5,0)),0))) -> 0
A28: =IF(OR(ISBLANK(S28),ISBLANK(T28)),1,0) -> 1 | C28: 2 | D28: A2 | E28: Group | F28: Group A | G28: =R28 -> Korea Republic | H28: =AN28 -> 2.3360688 | J28: Draw | K28: =AO28 -> 3.9952172 | M28: =U28 -> Czechia | N28: =AP28 -> 3.1115488 | P28: 46185 | Q28: 0.16666667 | R28: Korea Republic | U28: Czechia | W28: =BA28 -> 1 | X28: =INDEX(BE27:BE30,MATCH(BC28,$BD27:$BD30,0)) -> South Africa | Y28: =INDEX(BF27:BF30,MATCH(BC28,$BD27:$BD30,0)) -> 0 | Z28: =INDEX(BG27:BG30,MATCH(BC28,$BD27:$BD30,0)) -> 0 | AA28: =INDEX(BH27:BH30,MATCH(BC28,$BD27:$BD30,0)) -> 0 | AB28: =INDEX(BI27:BI30,MATCH(BC28,$BD27:$BD30,0)) -> 0 | AE28: =R28 -> Korea Republic | AF28: =U28 -> Czechia | AG28: =_xlfn.XLOOKUP(AE28,'FIFA rankings'!$B:$B,'FIFA rankings'!$D:$D) -> 1588.66 | AH28: =_xlfn.XLOOKUP(AF28,'FIFA rankings'!$B:$B,'FIFA rankings'!$D:$D) -> 1501.38 | AI28: =IFERROR(AG28-AH28,"n.a.") -> 87.28 | AK28: =IFERROR($AI$7*POWER(10,$AI28/$AI$6),"n.a.") -> 1.5231902 | AL28: =IFERROR($AI$7*POWER(10,-$AI28/$AI$6),"n.a.") -> 1.286773 | AN28: {=1/SUMPRODUCT(_xlfn.POISSON.DIST(ROW($1:$8)-1,$AK28,FALSE)*_xlfn.POISSON.DIST(TRANSPOSE(ROW($1:$8)-1),$AL28,FALSE)*((ROW($1:$8)-1)>(TRANSPOSE(ROW($1:$8)-1))))} -> 2.3360688 | AO28: {=1/SUMPRODUCT(_xlfn.POISSON.DIST(ROW($1:$8)-1,$AK28,FALSE)*_xlfn.POISSON.DIST(TRANSPOSE(ROW($1:$8)-1),$AL28,FALSE)*((ROW($1:$8)-1)=(TRANSPOSE(ROW($1:$8)-1))))} -> 3.9952172 | AP28: {=1/SUMPRODUCT(_xlfn.POISSON.DIST(ROW($1:$8)-1,$AK28,FALSE)*_xlfn.POISSON.DIST(TRANSPOSE(ROW($1:$8)-1),$AL28,FALSE)*((ROW($1:$8)-1)<(TRANSPOSE(ROW($1:$8)-1))))} -> 3.1115488 | AS28: =1-SUM(1/AN28,1/AO28,1/AP28) -> 0.00024777226 | BA28: =IF(ROUND(BC28,0)=ROUND(BC27,0),BA27,2) -> 1 | BB28: =ROUND(BC28,0) -> 2 | BC28: =MAX(MIN(BD27:BD29),MIN(BD27,BD28,BD30),MIN(BD27,BD29,BD30),MIN(BD28:BD30)) -> 2.46 | BD28: =SUM(BV28:BY28)+2.46 -> 2.46 | BE28: =U27 -> South Africa | BF28: =SUM(BJ28:BM28) -> 0 | BG28: =T27+T30+S32 -> 0 | BH28: =S27+S30+T32 -> 0 | BI28: =BG28-BH28 -> 0 | BJ28: =IF(ISBLANK(T27),0,IF(BK27=3,0,IF(BK27=1,1,3))) -> 0 | BK28: x | BL28: =IF(ISBLANK(S32),0,IF(BK29=3,0,IF(BK29=1,1,3))) -> 0 | BM28: =IF(ISBLANK(T30),0,IF(T30>S30,3,IF(T30=S30,1,0))) -> 0 | BN28: =(10*(BI27-BI28)+BG27-BG28<0) -> FALSE | BO28: x | BP28: =10*(BI28-BI29)+BG28-BG29>0 -> FALSE | BQ28: =10*(BI28-BI30)+BG28-BG30>0 -> FALSE | BR28: =10000*(BJ28+BL28)+(T27-S27+S32-T32)*100+(T27+S32) -> 0 | BS28: =10000*(BJ28+BM28)+(T27-S27+T30-S30)*100+(T27+T30) -> 0 | BT28: x | BU28: =10000*(BL28+BM28)+(T30-S30+S32-T32)*100+(T30+S32) -> 0 | BV28: =-BW27 -> 0 | BW28: x | BX28: =IF($BF28>$BF29,-0.5,IF($BF29>$BF28,0.5,IF(BP28,-0.5,IF(BO29,0.5,CN28)))) -> 0 | BY28: =IF($BF28>$BF30,-0.5,IF($BF30>$BF28,0.5,IF(BQ28,-0.5,IF(BO30,0.5,CO28)))) -> 0 | CM28: x | CN28: =IF($CH27,IF(T32-S32<0,-0.5,IF(S32-T32<0,0.5,0)),IF($CA27,IF($BR28>$BR29,-0.5,IF($BR28<$BR29,0.5,0)),IF($CD27,IF($BU28>$BU29,-0.5,IF($BU28<$BU29,0.5,0)),0))) -> 0 | CO28: =IF($CI27,IF(S30-T30<0,-0.5,IF(T30-S30<0,0.5,0)),IF($CB27,IF($BS28>$BS30,-0.5,IF($BS28<$BS30,0.5,0)),IF($CD27,IF($BU28>$BU30,-0.5,IF($BU28<$BU30,0.5,0)),0))) -> 0
A29: =IF(OR(ISBLANK(S29),ISBLANK(T29)),1,0) -> 1 | C29: 25 | D29: A3 | E29: Group | F29: Group A | G29: =R29 -> Mexico | H29: =AN29 -> 2.3185202 | J29: Draw | K29: =AO29 -> 4.0000013 | M29: =U29 -> Korea Republic | N29: =AP29 -> 3.1403244 | P29: 46192 | Q29: 0.125 | R29: =R27 -> Mexico | U29: =R28 -> Korea Republic | W29: =BA29 -> 1 | X29: =INDEX(BE27:BE30,MATCH(BC29,$BD27:$BD30,0)) -> Korea Republic | Y29: =INDEX(BF27:BF30,MATCH(BC29,$BD27:$BD30,0)) -> 0 | Z29: =INDEX(BG27:BG30,MATCH(BC29,$BD27:$BD30,0)) -> 0 | AA29: =INDEX(BH27:BH30,MATCH(BC29,$BD27:$BD30,0)) -> 0 | AB29: =INDEX(BI27:BI30,MATCH(BC29,$BD27:$BD30,0)) -> 0 | AE29: =R29 -> Mexico | AF29: =U29 -> Korea Republic | AG29: =_xlfn.XLOOKUP(AE29,'FIFA rankings'!$B:$B,'FIFA rankings'!$D:$D) -> 1681.03 | AH29: =_xlfn.XLOOKUP(AF29,'FIFA rankings'!$B:$B,'FIFA rankings'!$D:$D) -> 1588.66 | AI29: =IFERROR(AG29-AH29,"n.a.") -> 92.37 | AK29: =IFERROR($AI$7*POWER(10,$AI29/$AI$6),"n.a.") -> 1.5307001 | AL29: =IFERROR($AI$7*POWER(10,-$AI29/$AI$6),"n.a.") -> 1.2804599 | AN29: {=1/SUMPRODUCT(_xlfn.POISSON.DIST(ROW($1:$8)-1,$AK29,FALSE)*_xlfn.POISSON.DIST(TRANSPOSE(ROW($1:$8)-1),$AL29,FALSE)*((ROW($1:$8)-1)>(TRANSPOSE(ROW($1:$8)-1))))} -> 2.3185202 | AO29: {=1/SUMPRODUCT(_xlfn.POISSON.DIST(ROW($1:$8)-1,$AK29,FALSE)*_xlfn.POISSON.DIST(TRANSPOSE(ROW($1:$8)-1),$AL29,FALSE)*((ROW($1:$8)-1)=(TRANSPOSE(ROW($1:$8)-1))))} -> 4.0000013 | AP29: {=1/SUMPRODUCT(_xlfn.POISSON.DIST(ROW($1:$8)-1,$AK29,FALSE)*_xlfn.POISSON.DIST(TRANSPOSE(ROW($1:$8)-1),$AL29,FALSE)*((ROW($1:$8)-1)<(TRANSPOSE(ROW($1:$8)-1))))} -> 3.1403244 | AS29: =1-SUM(1/AN29,1/AO29,1/AP29) -> 0.00025204346 | BA29: =IF(ROUND(BC29,0)=ROUND(BC28,0),BA28,3) -> 1 | BB29: =ROUND(BC29,0) -> 2 | BC29: =MIN(MAX(BD27:BD29),MAX(BD27,BD28,BD30),MAX(BD27,BD29,BD30),MAX(BD28:BD30)) -> 2.47 | BD29: =SUM(BV29:BY29)+2.47 -> 2.47 | BE29: =R28 -> Korea Republic | BF29: =SUM(BJ29:BM29) -> 0 | BG29: =S28+T29+T32 -> 0 | BH29: =T28+S29+S32 -> 0 | BI29: =BG29-BH29 -> 0 | BJ29: =IF(ISBLANK(T29),0,IF(BL27=3,0,IF(BL27=1,1,3))) -> 0 | BK29: =IF(ISBLANK(T32),0,IF(T32>S32,3,IF(T32=S32,1,0))) -> 0 | BL29: x | BM29: =IF(ISBLANK(S28),0,IF(S28>T28,3,IF(S28=T28,1,0))) -> 0 | BN29: =10*(BI27-BI29)+BG27-BG29<0 -> FALSE | BO29: =10*(BI28-BI29)+BG28-BG29<0 -> FALSE | BP29: x | BQ29: =10*(BI29-BI30)+BG29-BG30>0 -> FALSE | BR29: =10000*(BJ29+BK29)+(T29-S29+T32-S32)*100+(T29+T32) -> 0 | BS29: x | BT29: =10000*(BJ29+BM29)+(S28-T28+T29-S29)*100+(S28+T29) -> 0 | BU29: =10000*(BK29+BM29)+(S28-T28+T32-S32)*100+(S28+T32) -> 0 | BV29: =-BX27 -> 0 | BW29: =-BX28 -> 0 | BX29: x | BY29: =IF($BF29>$BF30,-0.5,IF($BF30>$BF29,0.5,IF(BQ29,-0.5,IF(BP30,0.5,CO29)))) -> 0 | CN29: x | CO29: =IF($CJ27,IF(T28-S28<0,-0.5,IF(S28-T28<0,0.5,0)),IF($CC27,IF($BT29>$BT30,-0.5,IF($BT29<$BT30,0.5,0)),IF($CD27,IF($BU29>$BU30,-0.5,IF($BU29<$BU30,0.5,0)),0))) -> 0
A30: =IF(OR(ISBLANK(S30),ISBLANK(T30)),1,0) -> 1 | C30: 28 | D30: A4 | E30: Group | F30: Group A | G30: =R30 -> Czechia | H30: =AN30 -> 2.3914628 | J30: Draw | K30: =AO30 -> 3.9822531 | M30: =U30 -> South Africa | N30: =AP30 -> 3.02576 | P30: 46191 | Q30: 0.75 | R30: =U28 -> Czechia | U30: =U27 -> South Africa | W30: =BA30 -> 1 | X30: =INDEX(BE27:BE30,MATCH(BC30,$BD27:$BD30,0)) -> Czechia | Y30: =INDEX(BF27:BF30,MATCH(BC30,$BD27:$BD30,0)) -> 0 | Z30: =INDEX(BG27:BG30,MATCH(BC30,$BD27:$BD30,0)) -> 0 | AA30: =INDEX(BH27:BH30,MATCH(BC30,$BD27:$BD30,0)) -> 0 | AB30: =INDEX(BI27:BI30,MATCH(BC30,$BD27:$BD30,0)) -> 0 | AE30: =R30 -> Czechia | AF30: =U30 -> South Africa | AG30: =_xlfn.XLOOKUP(AE30,'FIFA rankings'!$B:$B,'FIFA rankings'!$D:$D) -> 1501.38 | AH30: =_xlfn.XLOOKUP(AF30,'FIFA rankings'!$B:$B,'FIFA rankings'!$D:$D) -> 1429.73 | AI30: =IFERROR(AG30-AH30,"n.a.") -> 71.65 | AK30: =IFERROR($AI$7*POWER(10,$AI30/$AI$6),"n.a.") -> 1.500359 | AL30: =IFERROR($AI$7*POWER(10,-$AI30/$AI$6),"n.a.") -> 1.306354 | AN30: {=1/SUMPRODUCT(_xlfn.POISSON.DIST(ROW($1:$8)-1,$AK30,FALSE)*_xlfn.POISSON.DIST(TRANSPOSE(ROW($1:$8)-1),$AL30,FALSE)*((ROW($1:$8)-1)>(TRANSPOSE(ROW($1:$8)-1))))} -> 2.3914628 | AO30: {=1/SUMPRODUCT(_xlfn.POISSON.DIST(ROW($1:$8)-1,$AK30,FALSE)*_xlfn.POISSON.DIST(TRANSPOSE(ROW($1:$8)-1),$AL30,FALSE)*((ROW($1:$8)-1)=(TRANSPOSE(ROW($1:$8)-1))))} -> 3.9822531 | AP30: {=1/SUMPRODUCT(_xlfn.POISSON.DIST(ROW($1:$8)-1,$AK30,FALSE)*_xlfn.POISSON.DIST(TRANSPOSE(ROW($1:$8)-1),$AL30,FALSE)*((ROW($1:$8)-1)<(TRANSPOSE(ROW($1:$8)-1))))} -> 3.02576 | AS30: =1-SUM(1/AN30,1/AO30,1/AP30) -> 0.00023628607 | BA30: =IF(ROUND(BC30,0)=ROUND(BC29,0),BA29,4) -> 1 | BB30: =ROUND(BC30,0) -> 2 | BC30: =MAX(BD27:BD30) -> 2.48 | BD30: =SUM(BV30:BY30)+2.48 -> 2.48 | BE30: =U28 -> Czechia | BF30: =SUM(BJ30:BM30) -> 0 | BG30: =T28+S30+S31 -> 0 | BH30: =S28+T30+T31 -> 0 | BI30: =BG30-BH30 -> 0 | BJ30: =IF(ISBLANK(S31),0,IF(BM27=3,0,IF(BM27=1,1,3))) -> 0 | BK30: =IF(ISBLANK(S30),0,IF(BM28=3,0,IF(BM28=1,1,3))) -> 0 | BL30: =IF(ISBLANK(T28),0,IF(BM29=3,0,IF(BM29=1,1,3))) -> 0 | BM30: x | BN30: =10*(BI27-BI30)+BG27-BG30<0 -> FALSE | BO30: =10*(BI28-BI30)+BG28-BG30<0 -> FALSE | BP30: =10*(BI29-BI30)+BG29-BG30<0 -> FALSE | BQ30: x | BR30: x | BS30: =10000*(BJ30+BK30)+(S30-T30+S31-T31)*100+(S30+S31) -> 0 | BT30: =10000*(BJ30+BL30)+(S31-T31+T28-S28)*100+(S31+T28) -> 0 | BU30: =10000*(BK30+BL30)+(S30-T30+T28-S28)*100+(S30+T28) -> 0 | BV30: =-BY27 -> 0 | BW30: =-BY28 -> 0 | BX30: =-BY29 -> 0 | BY30: x | CO30: x
A31: =IF(OR(ISBLANK(S31),ISBLANK(T31)),1,0) -> 1 | C31: 53 | E31: Group | F31: Group A | G31: =R31 -> Czechia | H31: =AN31 -> 3.7063186 | J31: Draw | K31: =AO31 -> 4.1264874 | M31: =U31 -> Mexico | N31: =AP31 -> 2.0513562 | P31: 46198 | Q31: 0.125 | R31: =U28 -> Czechia | U31: =R27 -> Mexico | X31: =IF(OR(W29<3,W28<2),"TIRAGE AU SORT !!!"," ") -> TIRAGE AU SORT !!! | AE31: =R31 -> Czechia | AF31: =U31 -> Mexico | AG31: =_xlfn.XLOOKUP(AE31,'FIFA rankings'!$B:$B,'FIFA rankings'!$D:$D) -> 1501.38 | AH31: =_xlfn.XLOOKUP(AF31,'FIFA rankings'!$B:$B,'FIFA rankings'!$D:$D) -> 1681.03 | AI31: =IFERROR(AG31-AH31,"n.a.") -> -179.65 | AK31: =IFERROR($AI$7*POWER(10,$AI31/$AI$6),"n.a.") -> 1.1769008 | AL31: =IFERROR($AI$7*POWER(10,-$AI31/$AI$6),"n.a.") -> 1.665391 | AN31: {=1/SUMPRODUCT(_xlfn.POISSON.DIST(ROW($1:$8)-1,$AK31,FALSE)*_xlfn.POISSON.DIST(TRANSPOSE(ROW($1:$8)-1),$AL31,FALSE)*((ROW($1:$8)-1)>(TRANSPOSE(ROW($1:$8)-1))))} -> 3.7063186 | AO31: {=1/SUMPRODUCT(_xlfn.POISSON.DIST(ROW($1:$8)-1,$AK31,FALSE)*_xlfn.POISSON.DIST(TRANSPOSE(ROW($1:$8)-1),$AL31,FALSE)*((ROW($1:$8)-1)=(TRANSPOSE(ROW($1:$8)-1))))} -> 4.1264874 | AP31: {=1/SUMPRODUCT(_xlfn.POISSON.DIST(ROW($1:$8)-1,$AK31,FALSE)*_xlfn.POISSON.DIST(TRANSPOSE(ROW($1:$8)-1),$AL31,FALSE)*((ROW($1:$8)-1)<(TRANSPOSE(ROW($1:$8)-1))))} -> 2.0513562 | AS31: =1-SUM(1/AN31,1/AO31,1/AP31) -> 0.0003712508
A32: =IF(OR(ISBLANK(S32),ISBLANK(T32)),1,0) -> 1 | C32: 54 | E32: Group | F32: Group A | G32: =R32 -> South Africa | H32: =AN32 -> 3.5584846 | J32: Draw | K32: =AO32 -> 4.0886531 | M32: =U32 -> Korea Republic | N32: =AP32 -> 2.1094027 | P32: 46198 | Q32: 0.125 | R32: =U27 -> South Africa | U32: =R28 -> Korea Republic | AE32: =R32 -> South Africa | AF32: =U32 -> Korea Republic | AG32: =_xlfn.XLOOKUP(AE32,'FIFA rankings'!$B:$B,'FIFA rankings'!$D:$D) -> 1429.73 | AH32: =_xlfn.XLOOKUP(AF32,'FIFA rankings'!$B:$B,'FIFA rankings'!$D:$D) -> 1588.66 | AI32: =IFERROR(AG32-AH32,"n.a.") -> -158.93 | AK32: =IFERROR($AI$7*POWER(10,$AI32/$AI$6),"n.a.") -> 1.2007008 | AL32: =IFERROR($AI$7*POWER(10,-$AI32/$AI$6),"n.a.") -> 1.6323801 | AN32: {=1/SUMPRODUCT(_xlfn.POISSON.DIST(ROW($1:$8)-1,$AK32,FALSE)*_xlfn.POISSON.DIST(TRANSPOSE(ROW($1:$8)-1),$AL32,FALSE)*((ROW($1:$8)-1)>(TRANSPOSE(ROW($1:$8)-1))))} -> 3.5584846 | AO32: {=1/SUMPRODUCT(_xlfn.POISSON.DIST(ROW($1:$8)-1,$AK32,FALSE)*_xlfn.POISSON.DIST(TRANSPOSE(ROW($1:$8)-1),$AL32,FALSE)*((ROW($1:$8)-1)=(TRANSPOSE(ROW($1:$8)-1))))} -> 4.0886531 | AP32: {=1/SUMPRODUCT(_xlfn.POISSON.DIST(ROW($1:$8)-1,$AK32,FALSE)*_xlfn.POISSON.DIST(TRANSPOSE(ROW($1:$8)-1),$AL32,FALSE)*((ROW($1:$8)-1)<(TRANSPOSE(ROW($1:$8)-1))))} -> 2.1094027 | AS32: =1-SUM(1/AN32,1/AO32,1/AP32) -> 0.00033433318
F34: Group B | G34: =$F34 & " / Odds" -> Group B / Odds | P34: =$F34 & " / Results" -> Group B / Results | X34: =X26 -> Ranking | Y34: Pts | Z34: GF | AA34: GA | AB34: ="+/-" -> +/- | BD34: Rank | BE34: Team | BF34: Pts | BG34: GF | BH34: GA | BI34: GD | BJ34: Ag1 | BK34: Ag2 | BL34: Ag3 | BM34: Ag4 | BN34: Sp1 | BO34: Sp2 | BP34: Sp3 | BQ34: Sp4 | BR34: T123 | BS34: T124 | BT34: T134 | BU34: T234 | BV34: Rk1 | BW34: Rk2 | BX34: Rk3 | BY34: Rk4 | BZ34: T1234 | CA34: T123 | CB34: T124 | CC34: T134 | CD34: T234 | CE34: T12 | CF34: T13 | CG34: T14 | CH34: T23 | CI34: T24 | CJ34: T34 | CK34: NoT | CL34: sRk1 | CM34: sRk2 | CN34: sRk3 | CO34: sRk4
A35: =IF(OR(ISBLANK(S35),ISBLANK(T35)),1,0) -> 1 | C35: 3 | D35: B1 | E35: Group | F35: Group B | G35: =R35 -> Canada | H35: =AN35 -> 2.0762168 | J35: Draw | K35: =AO35 -> 4.1094181 | M35: =U35 -> Bosnia and Herzegovina | N35: =AP35 -> 3.6409075 | P35: 46185 | Q35: 0.875 | R35: Canada | U35: Bosnia and Herzegovina | W35: =BA35 -> 1 | X35: =INDEX(BE35:BE38,MATCH(BC35,$BD35:$BD38,0)) -> Canada | Y35: =INDEX(BF35:BF38,MATCH(BC35,$BD35:$BD38,0)) -> 0 | Z35: =INDEX(BG35:BG38,MATCH(BC35,$BD35:$BD38,0)) -> 0 | AA35: =INDEX(BH35:BH38,MATCH(BC35,$BD35:$BD38,0)) -> 0 | AB35: =INDEX(BI35:BI38,MATCH(BC35,$BD35:$BD38,0)) -> 0 | AE35: =R35 -> Canada | AF35: =U35 -> Bosnia and Herzegovina | AG35: =_xlfn.XLOOKUP(AE35,'FIFA rankings'!$B:$B,'FIFA rankings'!$D:$D) -> 1556.48 | AH35: =_xlfn.XLOOKUP(AF35,'FIFA rankings'!$B:$B,'FIFA rankings'!$D:$D) -> 1385.84 | AI35: =IFERROR(AG35-AH35,"n.a.") -> 170.64 | AK35: =IFERROR($AI$7*POWER(10,$AI35/$AI$6),"n.a.") -> 1.6509551 | AL35: =IFERROR($AI$7*POWER(10,-$AI35/$AI$6),"n.a.") -> 1.1871916 | AN35: {=1/SUMPRODUCT(_xlfn.POISSON.DIST(ROW($1:$8)-1,$AK35,FALSE)*_xlfn.POISSON.DIST(TRANSPOSE(ROW($1:$8)-1),$AL35,FALSE)*((ROW($1:$8)-1)>(TRANSPOSE(ROW($1:$8)-1))))} -> 2.0762168 | AO35: {=1/SUMPRODUCT(_xlfn.POISSON.DIST(ROW($1:$8)-1,$AK35,FALSE)*_xlfn.POISSON.DIST(TRANSPOSE(ROW($1:$8)-1),$AL35,FALSE)*((ROW($1:$8)-1)=(TRANSPOSE(ROW($1:$8)-1))))} -> 4.1094181 | AP35: {=1/SUMPRODUCT(_xlfn.POISSON.DIST(ROW($1:$8)-1,$AK35,FALSE)*_xlfn.POISSON.DIST(TRANSPOSE(ROW($1:$8)-1),$AL35,FALSE)*((ROW($1:$8)-1)<(TRANSPOSE(ROW($1:$8)-1))))} -> 3.6409075 | AS35: =1-SUM(1/AN35,1/AO35,1/AP35) -> 0.00035446292 | BA35: 1 | BB35: =ROUND(BC35,0) -> 2 | BC35: =MIN(BD35:BD38) -> 2.45 | BD35: =SUM(BV35:BY35)+2.45 -> 2.45 | BE35: =R35 -> Canada | BF35: =SUM(BJ35:BM35) -> 0 | BG35: =S35+S37+T39 -> 0 | BH35: =T35+T37+S39 -> 0 | BI35: =BG35-BH35 -> 0 | BJ35: x | BK35: =IF(ISBLANK(S35),0,IF(S35>T35,3,IF(S35=T35,1,0))) -> 0 | BL35: =IF(ISBLANK(S37),0,IF(S37>T37,3,IF(S37=T37,1,0))) -> 0 | BM35: =IF(ISBLANK(T39),0,IF(T39>S39,3,IF(T39=S39,1,0))) -> 0 | BN35: x | BO35: =(10*(BI35-BI36)+BG35-BG36>0) -> FALSE | BP35: =10*(BI35-BI37)+BG35-BG37>0 -> FALSE | BQ35: =10*(BI35-BI38)+BG35-BG38>0 -> FALSE | BR35: =10000*(BK35+BL35)+(S37-T37+S35-T35)*100+(S37+S35) -> 0 | BS35: =10000*(BK35+BM35)+(S35-T35+T39-S39)*100+(S35+T39) -> 0 | BT35: =10000*(BL35+BM35)+(T39-S39+S37-T37)*100+(T39+S37) -> 0 | BU35: x | BV35: x | BW35: =IF($BF35>$BF36,-0.5,IF($BF36>$BF35,0.5,IF(BO35,-0.5,IF(BN36,0.5,CM35)))) -> 0 | BX35: =IF($BF35>$BF37,-0.5,IF($BF37>$BF35,0.5,IF(BP35,-0.5,IF(BN37,0.5,CN35)))) -> 0 | BY35: =IF($BF35>$BF38,-0.5,IF($BF38>$BF35,0.5,IF(BQ35,-0.5,IF(BN38,0.5,CO35)))) -> 0 | BZ35: =AND(AND(BF35=BF36,BF36=BF37,BF37=BF38),AND(BG35=BG36,BG36=BG37,BG37=BG38),AND(BH35=BH36,BH36=BH37,BH37=BH38)) -> TRUE | CA35: =AND(NOT(BZ35),BF35=BF36,BF35=BF37,BG35=BG36,BG35=BG37,BH35=BH36,BH35=BH37) -> FALSE | CB35: =AND(NOT(BZ35),BF35=BF36,BF35=BF38,BG35=BG36,BG35=BG38,BH35=BH36,BH35=BH38) -> FALSE | CC35: =AND(NOT(BZ35),BF35=BF37,BF35=BF38,BG35=BG37,BG35=BG38,BH35=BH37,BH35=BH38) -> FALSE | CD35: =AND(NOT(BZ35),BF36=BF37,BF36=BF38,BG36=BG37,BG36=BG38,BH36=BH37,BH36=BH38) -> FALSE | CE35: =AND(NOT(BZ35),NOT(CA35),NOT(CB35),BF35=BF36,BG35=BG36,BH35=BH36) -> FALSE | CF35: =AND(NOT(BZ35),NOT(CA35),NOT(CC35),BF35=BF37,BG35=BG37,BH35=BH37) -> FALSE | CG35: =AND(NOT(BZ35),NOT(CB35),NOT(CC35),BF35=BF38,BG35=BG38,BH35=BH38) -> FALSE | CH35: =AND(NOT(BZ35),NOT(CA35),NOT(CD35),BF36=BF37,BG36=BG37) -> FALSE | CI35: =AND(NOT(BZ35),NOT(CB35),NOT(CD35),BF36=BF38,BG36=BG38,BH36=BH38) -> FALSE | CJ35: =AND(NOT(BZ35),NOT(CC35),NOT(CD35),BF37=BF38,BG37=BG38,BH37=BH38) -> FALSE | CK35: {=AND(NOT(BZ35:CJ35))} -> FALSE | CL35: x | CM35: =IF($CE35,IF(T35-S35<0,-0.5,IF(S35-T35<0,0.5,0)),IF($CA35,IF($BR35>$BR36,-0.5,IF($BR35<$BR36,0.5,0)),IF($CB35,IF($BS35>$BS36,-0.5, IF($BS35<$BS36,0.5,0)),0))) -> 0 | CN35: =IF($CF35,IF(T37-S37<0,-0.5,IF(S37-T37<0,0.5,0)),IF($CA35,IF($BR35>$BR37,-0.5,IF($BR35<$BR37,0.5,0)),IF($CC35,IF($BT35>$BT37,-0.5,IF($BT35<$BT37,0.5,0)),0))) -> 0 | CO35: =IF($CG35,IF(S39-T39<0,-0.5,IF(T39-S39<0,0.5,0)),IF($CB35,IF($BS35>$BS38,-0.5,IF($BS35<$BS38,0.5,0)),IF($CC35,IF($BT35>$BT38,-0.5, IF($BT35<$BT38,0.5,0)),0))) -> 0
A36: =IF(OR(ISBLANK(S36),ISBLANK(T36)),1,0) -> 1 | C36: 8 | D36: B2 | E36: Group | F36: Group B | G36: =R36 -> Qatar | H36: =AN36 -> 3.8176095 | J36: Draw | K36: =AO36 -> 4.1566024 | M36: =U36 -> Switzerland | N36: =AP36 -> 2.011775 | P36: 46186 | Q36: 0.875 | R36: Qatar | U36: Switzerland | W36: =BA36 -> 1 | X36: =INDEX(BE35:BE38,MATCH(BC36,$BD35:$BD38,0)) -> Bosnia and Herzegovina | Y36: =INDEX(BF35:BF38,MATCH(BC36,$BD35:$BD38,0)) -> 0 | Z36: =INDEX(BG35:BG38,MATCH(BC36,$BD35:$BD38,0)) -> 0 | AA36: =INDEX(BH35:BH38,MATCH(BC36,$BD35:$BD38,0)) -> 0 | AB36: =INDEX(BI35:BI38,MATCH(BC36,$BD35:$BD38,0)) -> 0 | AE36: =R36 -> Qatar | AF36: =U36 -> Switzerland | AG36: =_xlfn.XLOOKUP(AE36,'FIFA rankings'!$B:$B,'FIFA rankings'!$D:$D) -> 1454.96 | AH36: =_xlfn.XLOOKUP(AF36,'FIFA rankings'!$B:$B,'FIFA rankings'!$D:$D) -> 1649.4 | AI36: =IFERROR(AG36-AH36,"n.a.") -> -194.44 | AK36: =IFERROR($AI$7*POWER(10,$AI36/$AI$6),"n.a.") -> 1.1602015 | AL36: =IFERROR($AI$7*POWER(10,-$AI36/$AI$6),"n.a.") -> 1.6893618 | AN36: {=1/SUMPRODUCT(_xlfn.POISSON.DIST(ROW($1:$8)-1,$AK36,FALSE)*_xlfn.POISSON.DIST(TRANSPOSE(ROW($1:$8)-1),$AL36,FALSE)*((ROW($1:$8)-1)>(TRANSPOSE(ROW($1:$8)-1))))} -> 3.8176095 | AO36: {=1/SUMPRODUCT(_xlfn.POISSON.DIST(ROW($1:$8)-1,$AK36,FALSE)*_xlfn.POISSON.DIST(TRANSPOSE(ROW($1:$8)-1),$AL36,FALSE)*((ROW($1:$8)-1)=(TRANSPOSE(ROW($1:$8)-1))))} -> 4.1566024 | AP36: {=1/SUMPRODUCT(_xlfn.POISSON.DIST(ROW($1:$8)-1,$AK36,FALSE)*_xlfn.POISSON.DIST(TRANSPOSE(ROW($1:$8)-1),$AL36,FALSE)*((ROW($1:$8)-1)<(TRANSPOSE(ROW($1:$8)-1))))} -> 2.011775 | AS36: =1-SUM(1/AN36,1/AO36,1/AP36) -> 0.00040139608 | BA36: =IF(ROUND(BC36,0)=ROUND(BC35,0),BA35,2) -> 1 | BB36: =ROUND(BC36,0) -> 2 | BC36: =MAX(MIN(BD35:BD37),MIN(BD35,BD36,BD38),MIN(BD35,BD37,BD38),MIN(BD36:BD38)) -> 2.46 | BD36: =SUM(BV36:BY36)+2.46 -> 2.46 | BE36: =U35 -> Bosnia and Herzegovina | BF36: =SUM(BJ36:BM36) -> 0 | BG36: =T35+T38+S40 -> 0 | BH36: =S35+S38+T40 -> 0 | BI36: =BG36-BH36 -> 0 | BJ36: =IF(ISBLANK(T35),0,IF(BK35=3,0,IF(BK35=1,1,3))) -> 0 | BK36: x | BL36: =IF(ISBLANK(S40),0,IF(BK37=3,0,IF(BK37=1,1,3))) -> 0 | BM36: =IF(ISBLANK(T38),0,IF(T38>S38,3,IF(T38=S38,1,0))) -> 0 | BN36: =(10*(BI35-BI36)+BG35-BG36<0) -> FALSE | BO36: x | BP36: =10*(BI36-BI37)+BG36-BG37>0 -> FALSE | BQ36: =10*(BI36-BI38)+BG36-BG38>0 -> FALSE | BR36: =10000*(BJ36+BL36)+(T35-S35+S40-T40)*100+(T35+S40) -> 0 | BS36: =10000*(BJ36+BM36)+(T35-S35+T38-S38)*100+(T35+T38) -> 0 | BT36: x | BU36: =10000*(BL36+BM36)+(T38-S38+S40-T40)*100+(T38+S40) -> 0 | BV36: =-BW35 -> 0 | BW36: x | BX36: =IF($BF36>$BF37,-0.5,IF($BF37>$BF36,0.5,IF(BP36,-0.5,IF(BO37,0.5,CN36)))) -> 0 | BY36: =IF($BF36>$BF38,-0.5,IF($BF38>$BF36,0.5,IF(BQ36,-0.5,IF(BO38,0.5,CO36)))) -> 0 | CM36: x | CN36: =IF($CH35,IF(T40-S40<0,-0.5,IF(S40-T40<0,0.5,0)),IF($CA35,IF($BR36>$BR37,-0.5,IF($BR36<$BR37,0.5,0)),IF($CD35,IF($BU36>$BU37,-0.5,IF($BU36<$BU37,0.5,0)),0))) -> 0 | CO36: =IF($CI35,IF(S38-T38<0,-0.5,IF(T38-S38<0,0.5,0)),IF($CB35,IF($BS36>$BS38,-0.5,IF($BS36<$BS38,0.5,0)),IF($CD35,IF($BU36>$BU38,-0.5,IF($BU36<$BU38,0.5,0)),0))) -> 0
A37: =IF(OR(ISBLANK(S37),ISBLANK(T37)),1,0) -> 1 | C37: 26 | D37: B3 | E37: Group | F37: Group B | G37: =R37 -> Canada | H37: =AN37 -> 2.2875624 | J37: Draw | K37: =AO37 -> 4.0093014 | M37: =U37 -> Qatar | N37: =AP37 -> 3.1931228 | P37: 46192 | Q37: 0 | R37: =R35 -> Canada | U37: =R36 -> Qatar | W37: =BA37 -> 1 | X37: =INDEX(BE35:BE38,MATCH(BC37,$BD35:$BD38,0)) -> Qatar | Y37: =INDEX(BF35:BF38,MATCH(BC37,$BD35:$BD38,0)) -> 0 | Z37: =INDEX(BG35:BG38,MATCH(BC37,$BD35:$BD38,0)) -> 0 | AA37: =INDEX(BH35:BH38,MATCH(BC37,$BD35:$BD38,0)) -> 0 | AB37: =INDEX(BI35:BI38,MATCH(BC37,$BD35:$BD38,0)) -> 0 | AE37: =R37 -> Canada | AF37: =U37 -> Qatar | AG37: =_xlfn.XLOOKUP(AE37,'FIFA rankings'!$B:$B,'FIFA rankings'!$D:$D) -> 1556.48 | AH37: =_xlfn.XLOOKUP(AF37,'FIFA rankings'!$B:$B,'FIFA rankings'!$D:$D) -> 1454.96 | AI37: =IFERROR(AG37-AH37,"n.a.") -> 101.52 | AK37: =IFERROR($AI$7*POWER(10,$AI37/$AI$6),"n.a.") -> 1.5442933 | AL37: =IFERROR($AI$7*POWER(10,-$AI37/$AI$6),"n.a.") -> 1.2691889 | AN37: {=1/SUMPRODUCT(_xlfn.POISSON.DIST(ROW($1:$8)-1,$AK37,FALSE)*_xlfn.POISSON.DIST(TRANSPOSE(ROW($1:$8)-1),$AL37,FALSE)*((ROW($1:$8)-1)>(TRANSPOSE(ROW($1:$8)-1))))} -> 2.2875624 | AO37: {=1/SUMPRODUCT(_xlfn.POISSON.DIST(ROW($1:$8)-1,$AK37,FALSE)*_xlfn.POISSON.DIST(TRANSPOSE(ROW($1:$8)-1),$AL37,FALSE)*((ROW($1:$8)-1)=(TRANSPOSE(ROW($1:$8)-1))))} -> 4.0093014 | AP37: {=1/SUMPRODUCT(_xlfn.POISSON.DIST(ROW($1:$8)-1,$AK37,FALSE)*_xlfn.POISSON.DIST(TRANSPOSE(ROW($1:$8)-1),$AL37,FALSE)*((ROW($1:$8)-1)<(TRANSPOSE(ROW($1:$8)-1))))} -> 3.1931228 | AS37: =1-SUM(1/AN37,1/AO37,1/AP37) -> 0.00026039646 | BA37: =IF(ROUND(BC37,0)=ROUND(BC36,0),BA36,3) -> 1 | BB37: =ROUND(BC37,0) -> 2 | BC37: =MIN(MAX(BD35:BD37),MAX(BD35,BD36,BD38),MAX(BD35,BD37,BD38),MAX(BD36:BD38)) -> 2.47 | BD37: =SUM(BV37:BY37)+2.47 -> 2.47 | BE37: =R36 -> Qatar | BF37: =SUM(BJ37:BM37) -> 0 | BG37: =S36+T37+T40 -> 0 | BH37: =T36+S37+S40 -> 0 | BI37: =BG37-BH37 -> 0 | BJ37: =IF(ISBLANK(T37),0,IF(BL35=3,0,IF(BL35=1,1,3))) -> 0 | BK37: =IF(ISBLANK(T40),0,IF(T40>S40,3,IF(T40=S40,1,0))) -> 0 | BL37: x | BM37: =IF(ISBLANK(S36),0,IF(S36>T36,3,IF(S36=T36,1,0))) -> 0 | BN37: =10*(BI35-BI37)+BG35-BG37<0 -> FALSE | BO37: =10*(BI36-BI37)+BG36-BG37<0 -> FALSE | BP37: x | BQ37: =10*(BI37-BI38)+BG37-BG38>0 -> FALSE | BR37: =10000*(BJ37+BK37)+(T37-S37+T40-S40)*100+(T37+T40) -> 0 | BS37: x | BT37: =10000*(BJ37+BM37)+(S36-T36+T37-S37)*100+(S36+T37) -> 0 | BU37: =10000*(BK37+BM37)+(S36-T36+T40-S40)*100+(S36+T40) -> 0 | BV37: =-BX35 -> 0 | BW37: =-BX36 -> 0 | BX37: x | BY37: =IF($BF37>$BF38,-0.5,IF($BF38>$BF37,0.5,IF(BQ37,-0.5,IF(BP38,0.5,CO37)))) -> 0 | CN37: x | CO37: =IF($CJ35,IF(T36-S36<0,-0.5,IF(S36-T36<0,0.5,0)),IF($CC35,IF($BT37>$BT38,-0.5,IF($BT37<$BT38,0.5,0)),IF($CD35,IF($BU37>$BU38,-0.5,IF($BU37<$BU38,0.5,0)),0))) -> 0
A38: =IF(OR(ISBLANK(S38),ISBLANK(T38)),1,0) -> 1 | C38: 27 | D38: B4 | E38: Group | F38: Group B | G38: =R38 -> Switzerland | H38: =AN38 -> 1.8453535 | J38: Draw | K38: =AO38 -> 4.333707 | M38: =U38 -> Bosnia and Herzegovina | N38: =AP38 -> 4.4100067 | P38: 46191 | Q38: 0.875 | R38: =U36 -> Switzerland | U38: =U35 -> Bosnia and Herzegovina | W38: =BA38 -> 1 | X38: =INDEX(BE35:BE38,MATCH(BC38,$BD35:$BD38,0)) -> Switzerland | Y38: =INDEX(BF35:BF38,MATCH(BC38,$BD35:$BD38,0)) -> 0 | Z38: =INDEX(BG35:BG38,MATCH(BC38,$BD35:$BD38,0)) -> 0 | AA38: =INDEX(BH35:BH38,MATCH(BC38,$BD35:$BD38,0)) -> 0 | AB38: =INDEX(BI35:BI38,MATCH(BC38,$BD35:$BD38,0)) -> 0 | AE38: =R38 -> Switzerland | AF38: =U38 -> Bosnia and Herzegovina | AG38: =_xlfn.XLOOKUP(AE38,'FIFA rankings'!$B:$B,'FIFA rankings'!$D:$D) -> 1649.4 | AH38: =_xlfn.XLOOKUP(AF38,'FIFA rankings'!$B:$B,'FIFA rankings'!$D:$D) -> 1385.84 | AI38: =IFERROR(AG38-AH38,"n.a.") -> 263.56 | AK38: =IFERROR($AI$7*POWER(10,$AI38/$AI$6),"n.a.") -> 1.8060431 | AL38: =IFERROR($AI$7*POWER(10,-$AI38/$AI$6),"n.a.") -> 1.0852454 | AN38: {=1/SUMPRODUCT(_xlfn.POISSON.DIST(ROW($1:$8)-1,$AK38,FALSE)*_xlfn.POISSON.DIST(TRANSPOSE(ROW($1:$8)-1),$AL38,FALSE)*((ROW($1:$8)-1)>(TRANSPOSE(ROW($1:$8)-1))))} -> 1.8453535 | AO38: {=1/SUMPRODUCT(_xlfn.POISSON.DIST(ROW($1:$8)-1,$AK38,FALSE)*_xlfn.POISSON.DIST(TRANSPOSE(ROW($1:$8)-1),$AL38,FALSE)*((ROW($1:$8)-1)=(TRANSPOSE(ROW($1:$8)-1))))} -> 4.333707 | AP38: {=1/SUMPRODUCT(_xlfn.POISSON.DIST(ROW($1:$8)-1,$AK38,FALSE)*_xlfn.POISSON.DIST(TRANSPOSE(ROW($1:$8)-1),$AL38,FALSE)*((ROW($1:$8)-1)<(TRANSPOSE(ROW($1:$8)-1))))} -> 4.4100067 | AS38: =1-SUM(1/AN38,1/AO38,1/AP38) -> 0.00059205576 | BA38: =IF(ROUND(BC38,0)=ROUND(BC37,0),BA37,4) -> 1 | BB38: =ROUND(BC38,0) -> 2 | BC38: =MAX(BD35:BD38) -> 2.48 | BD38: =SUM(BV38:BY38)+2.48 -> 2.48 | BE38: =U36 -> Switzerland | BF38: =SUM(BJ38:BM38) -> 0 | BG38: =T36+S38+S39 -> 0 | BH38: =S36+T38+T39 -> 0 | BI38: =BG38-BH38 -> 0 | BJ38: =IF(ISBLANK(S39),0,IF(BM35=3,0,IF(BM35=1,1,3))) -> 0 | BK38: =IF(ISBLANK(S38),0,IF(BM36=3,0,IF(BM36=1,1,3))) -> 0 | BL38: =IF(ISBLANK(T36),0,IF(BM37=3,0,IF(BM37=1,1,3))) -> 0 | BM38: x | BN38: =10*(BI35-BI38)+BG35-BG38<0 -> FALSE | BO38: =10*(BI36-BI38)+BG36-BG38<0 -> FALSE | BP38: =10*(BI37-BI38)+BG37-BG38<0 -> FALSE | BQ38: x | BR38: x | BS38: =10000*(BJ38+BK38)+(S38-T38+S39-T39)*100+(S38+S39) -> 0 | BT38: =10000*(BJ38+BL38)+(S39-T39+T36-S36)*100+(S39+T36) -> 0 | BU38: =10000*(BK38+BL38)+(S38-T38+T36-S36)*100+(S38+T36) -> 0 | BV38: =-BY35 -> 0 | BW38: =-BY36 -> 0 | BX38: =-BY37 -> 0 | BY38: x | CO38: x
A39: =IF(OR(ISBLANK(S39),ISBLANK(T39)),1,0) -> 1 | C39: 51 | E39: Group | F39: Group B | G39: =R39 -> Switzerland | H39: =AN39 -> 2.3166381 | J39: Draw | K39: =AO39 -> 4.0005349 | M39: =U39 -> Canada | N39: =AP39 -> 3.1434589 | P39: 46197 | Q39: 0.875 | R39: =U36 -> Switzerland | U39: =R35 -> Canada | X39: =IF(OR(W37<3,W36<2),"TIRAGE AU SORT !!!"," ") -> TIRAGE AU SORT !!! | AE39: =R39 -> Switzerland | AF39: =U39 -> Canada | AG39: =_xlfn.XLOOKUP(AE39,'FIFA rankings'!$B:$B,'FIFA rankings'!$D:$D) -> 1649.4 | AH39: =_xlfn.XLOOKUP(AF39,'FIFA rankings'!$B:$B,'FIFA rankings'!$D:$D) -> 1556.48 | AI39: =IFERROR(AG39-AH39,"n.a.") -> 92.92 | AK39: =IFERROR($AI$7*POWER(10,$AI39/$AI$6),"n.a.") -> 1.5315138 | AL39: =IFERROR($AI$7*POWER(10,-$AI39/$AI$6),"n.a.") -> 1.2797796 | AN39: {=1/SUMPRODUCT(_xlfn.POISSON.DIST(ROW($1:$8)-1,$AK39,FALSE)*_xlfn.POISSON.DIST(TRANSPOSE(ROW($1:$8)-1),$AL39,FALSE)*((ROW($1:$8)-1)>(TRANSPOSE(ROW($1:$8)-1))))} -> 2.3166381 | AO39: {=1/SUMPRODUCT(_xlfn.POISSON.DIST(ROW($1:$8)-1,$AK39,FALSE)*_xlfn.POISSON.DIST(TRANSPOSE(ROW($1:$8)-1),$AL39,FALSE)*((ROW($1:$8)-1)=(TRANSPOSE(ROW($1:$8)-1))))} -> 4.0005349 | AP39: {=1/SUMPRODUCT(_xlfn.POISSON.DIST(ROW($1:$8)-1,$AK39,FALSE)*_xlfn.POISSON.DIST(TRANSPOSE(ROW($1:$8)-1),$AL39,FALSE)*((ROW($1:$8)-1)<(TRANSPOSE(ROW($1:$8)-1))))} -> 3.1434589 | AS39: =1-SUM(1/AN39,1/AO39,1/AP39) -> 0.00025252091
A40: =IF(OR(ISBLANK(S40),ISBLANK(T40)),1,0) -> 1 | C40: 52 | E40: Group | F40: Group B | G40: =R40 -> Bosnia and Herzegovina | H40: =AN40 -> 3.0122292 | J40: Draw | K40: =AO40 -> 3.9803983 | M40: =U40 -> Qatar | N40: =AP40 -> 2.4006483 | P40: 46197 | Q40: 0.875 | R40: =U35 -> Bosnia and Herzegovina | U40: =R36 -> Qatar | AE40: =R40 -> Bosnia and Herzegovina | AF40: =U40 -> Qatar | AG40: =_xlfn.XLOOKUP(AE40,'FIFA rankings'!$B:$B,'FIFA rankings'!$D:$D) -> 1385.84 | AH40: =_xlfn.XLOOKUP(AF40,'FIFA rankings'!$B:$B,'FIFA rankings'!$D:$D) -> 1454.96 | AI40: =IFERROR(AG40-AH40,"n.a.") -> -69.12 | AK40: =IFERROR($AI$7*POWER(10,$AI40/$AI$6),"n.a.") -> 1.3095515 | AL40: =IFERROR($AI$7*POWER(10,-$AI40/$AI$6),"n.a.") -> 1.4966956 | AN40: {=1/SUMPRODUCT(_xlfn.POISSON.DIST(ROW($1:$8)-1,$AK40,FALSE)*_xlfn.POISSON.DIST(TRANSPOSE(ROW($1:$8)-1),$AL40,FALSE)*((ROW($1:$8)-1)>(TRANSPOSE(ROW($1:$8)-1))))} -> 3.0122292 | AO40: {=1/SUMPRODUCT(_xlfn.POISSON.DIST(ROW($1:$8)-1,$AK40,FALSE)*_xlfn.POISSON.DIST(TRANSPOSE(ROW($1:$8)-1),$AL40,FALSE)*((ROW($1:$8)-1)=(TRANSPOSE(ROW($1:$8)-1))))} -> 3.9803983 | AP40: {=1/SUMPRODUCT(_xlfn.POISSON.DIST(ROW($1:$8)-1,$AK40,FALSE)*_xlfn.POISSON.DIST(TRANSPOSE(ROW($1:$8)-1),$AL40,FALSE)*((ROW($1:$8)-1)<(TRANSPOSE(ROW($1:$8)-1))))} -> 2.4006483 | AS40: =1-SUM(1/AN40,1/AO40,1/AP40) -> 0.00023465321
F42: Group C | G42: =$F42 & " / Odds" -> Group C / Odds | P42: =$F42 & " / Results" -> Group C / Results | X42: =X34 -> Ranking | Y42: Pts | Z42: GF | AA42: GA | AB42: ="+/-" -> +/- | BD42: Rank | BE42: Team | BF42: Pts | BG42: GF | BH42: GA | BI42: GD | BJ42: Ag1 | BK42: Ag2 | BL42: Ag3 | BM42: Ag4 | BN42: Sp1 | BO42: Sp2 | BP42: Sp3 | BQ42: Sp4 | BR42: T123 | BS42: T124 | BT42: T134 | BU42: T234 | BV42: Rk1 | BW42: Rk2 | BX42: Rk3 | BY42: Rk4 | BZ42: T1234 | CA42: T123 | CB42: T124 | CC42: T134 | CD42: T234 | CE42: T12 | CF42: T13 | CG42: T14 | CH42: T23 | CI42: T24 | CJ42: T34 | CK42: NoT | CL42: sRk1 | CM42: sRk2 | CN42: sRk3 | CO42: sRk4
A43: =IF(OR(ISBLANK(S43),ISBLANK(T43)),1,0) -> 1 | C43: 5 | D43: C1 | E43: Group | F43: Group C | G43: =R43 -> Brazil | H43: =AN43 -> 2.6543707 | J43: Draw | K43: =AO43 -> 3.9557544 | M43: =U43 -> Morocco | N43: =AP43 -> 2.7008531 | P43: 46187 | Q43: 0 | R43: Brazil | U43: Morocco | W43: =BA43 -> 1 | X43: =INDEX(BE43:BE46,MATCH(BC43,$BD43:$BD46,0)) -> Brazil | Y43: =INDEX(BF43:BF46,MATCH(BC43,$BD43:$BD46,0)) -> 0 | Z43: =INDEX(BG43:BG46,MATCH(BC43,$BD43:$BD46,0)) -> 0 | AA43: =INDEX(BH43:BH46,MATCH(BC43,$BD43:$BD46,0)) -> 0 | AB43: =INDEX(BI43:BI46,MATCH(BC43,$BD43:$BD46,0)) -> 0 | AE43: =R43 -> Brazil | AF43: =U43 -> Morocco | AG43: =_xlfn.XLOOKUP(AE43,'FIFA rankings'!$B:$B,'FIFA rankings'!$D:$D) -> 1761.16 | AH43: =_xlfn.XLOOKUP(AF43,'FIFA rankings'!$B:$B,'FIFA rankings'!$D:$D) -> 1755.87 | AI43: =IFERROR(AG43-AH43,"n.a.") -> 5.29 | AK43: =IFERROR($AI$7*POWER(10,$AI43/$AI$6),"n.a.") -> 1.4071744 | AL43: =IFERROR($AI$7*POWER(10,-$AI43/$AI$6),"n.a.") -> 1.3928622 | AN43: {=1/SUMPRODUCT(_xlfn.POISSON.DIST(ROW($1:$8)-1,$AK43,FALSE)*_xlfn.POISSON.DIST(TRANSPOSE(ROW($1:$8)-1),$AL43,FALSE)*((ROW($1:$8)-1)>(TRANSPOSE(ROW($1:$8)-1))))} -> 2.6543707 | AO43: {=1/SUMPRODUCT(_xlfn.POISSON.DIST(ROW($1:$8)-1,$AK43,FALSE)*_xlfn.POISSON.DIST(TRANSPOSE(ROW($1:$8)-1),$AL43,FALSE)*((ROW($1:$8)-1)=(TRANSPOSE(ROW($1:$8)-1))))} -> 3.9557544 | AP43: {=1/SUMPRODUCT(_xlfn.POISSON.DIST(ROW($1:$8)-1,$AK43,FALSE)*_xlfn.POISSON.DIST(TRANSPOSE(ROW($1:$8)-1),$AL43,FALSE)*((ROW($1:$8)-1)<(TRANSPOSE(ROW($1:$8)-1))))} -> 2.7008531 | AS43: =1-SUM(1/AN43,1/AO43,1/AP43) -> 0.00021320921 | BA43: 1 | BB43: =ROUND(BC43,0) -> 2 | BC43: =MIN(BD43:BD46) -> 2.45 | BD43: =SUM(BV43:BY43)+2.45 -> 2.45 | BE43: =R43 -> Brazil | BF43: =SUM(BJ43:BM43) -> 0 | BG43: =S43+S45+T47 -> 0 | BH43: =T43+T45+S47 -> 0 | BI43: =BG43-BH43 -> 0 | BJ43: x | BK43: =IF(ISBLANK(S43),0,IF(S43>T43,3,IF(S43=T43,1,0))) -> 0 | BL43: =IF(ISBLANK(S45),0,IF(S45>T45,3,IF(S45=T45,1,0))) -> 0 | BM43: =IF(ISBLANK(T47),0,IF(T47>S47,3,IF(T47=S47,1,0))) -> 0 | BN43: x | BO43: =(10*(BI43-BI44)+BG43-BG44>0) -> FALSE | BP43: =10*(BI43-BI45)+BG43-BG45>0 -> FALSE | BQ43: =10*(BI43-BI46)+BG43-BG46>0 -> FALSE | BR43: =10000*(BK43+BL43)+(S45-T45+S43-T43)*100+(S45+S43) -> 0 | BS43: =10000*(BK43+BM43)+(S43-T43+T47-S47)*100+(S43+T47) -> 0 | BT43: =10000*(BL43+BM43)+(T47-S47+S45-T45)*100+(T47+S45) -> 0 | BU43: x | BV43: x | BW43: =IF($BF43>$BF44,-0.5,IF($BF44>$BF43,0.5,IF(BO43,-0.5,IF(BN44,0.5,CM43)))) -> 0 | BX43: =IF($BF43>$BF45,-0.5,IF($BF45>$BF43,0.5,IF(BP43,-0.5,IF(BN45,0.5,CN43)))) -> 0 | BY43: =IF($BF43>$BF46,-0.5,IF($BF46>$BF43,0.5,IF(BQ43,-0.5,IF(BN46,0.5,CO43)))) -> 0 | BZ43: =AND(AND(BF43=BF44,BF44=BF45,BF45=BF46),AND(BG43=BG44,BG44=BG45,BG45=BG46),AND(BH43=BH44,BH44=BH45,BH45=BH46)) -> TRUE | CA43: =AND(NOT(BZ43),BF43=BF44,BF43=BF45,BG43=BG44,BG43=BG45,BH43=BH44,BH43=BH45) -> FALSE | CB43: =AND(NOT(BZ43),BF43=BF44,BF43=BF46,BG43=BG44,BG43=BG46,BH43=BH44,BH43=BH46) -> FALSE | CC43: =AND(NOT(BZ43),BF43=BF45,BF43=BF46,BG43=BG45,BG43=BG46,BH43=BH45,BH43=BH46) -> FALSE | CD43: =AND(NOT(BZ43),BF44=BF45,BF44=BF46,BG44=BG45,BG44=BG46,BH44=BH45,BH44=BH46) -> FALSE | CE43: =AND(NOT(BZ43),NOT(CA43),NOT(CB43),BF43=BF44,BG43=BG44,BH43=BH44) -> FALSE | CF43: =AND(NOT(BZ43),NOT(CA43),NOT(CC43),BF43=BF45,BG43=BG45,BH43=BH45) -> FALSE | CG43: =AND(NOT(BZ43),NOT(CB43),NOT(CC43),BF43=BF46,BG43=BG46,BH43=BH46) -> FALSE | CH43: =AND(NOT(BZ43),NOT(CA43),NOT(CD43),BF44=BF45,BG44=BG45) -> FALSE | CI43: =AND(NOT(BZ43),NOT(CB43),NOT(CD43),BF44=BF46,BG44=BG46,BH44=BH46) -> FALSE | CJ43: =AND(NOT(BZ43),NOT(CC43),NOT(CD43),BF45=BF46,BG45=BG46,BH45=BH46) -> FALSE | CK43: {=AND(NOT(BZ43:CJ43))} -> FALSE | CL43: x | CM43: =IF($CE43,IF(T43-S43<0,-0.5,IF(S43-T43<0,0.5,0)),IF($CA43,IF($BR43>$BR44,-0.5,IF($BR43<$BR44,0.5,0)),IF($CB43,IF($BS43>$BS44,-0.5, IF($BS43<$BS44,0.5,0)),0))) -> 0 | CN43: =IF($CF43,IF(T45-S45<0,-0.5,IF(S45-T45<0,0.5,0)),IF($CA43,IF($BR43>$BR45,-0.5,IF($BR43<$BR45,0.5,0)),IF($CC43,IF($BT43>$BT45,-0.5,IF($BT43<$BT45,0.5,0)),0))) -> 0 | CO43: =IF($CG43,IF(S47-T47<0,-0.5,IF(T47-S47<0,0.5,0)),IF($CB43,IF($BS43>$BS46,-0.5,IF($BS43<$BS46,0.5,0)),IF($CC43,IF($BT43>$BT46,-0.5, IF($BT43<$BT46,0.5,0)),0))) -> 0
A44: =IF(OR(ISBLANK(S44),ISBLANK(T44)),1,0) -> 1 | C44: 7 | D44: C2 | E44: Group | F44: Group C | G44: =R44 -> Haiti | H44: =AN44 -> 3.9132362 | J44: Draw | K44: =AO44 -> 4.1834407 | M44: =U44 -> Scotland | N44: =AP44 -> 1.9802352 | P44: 46187 | Q44: 0.125 | R44: Haiti | U44: Scotland | W44: =BA44 -> 1 | X44: =INDEX(BE43:BE46,MATCH(BC44,$BD43:$BD46,0)) -> Morocco | Y44: =INDEX(BF43:BF46,MATCH(BC44,$BD43:$BD46,0)) -> 0 | Z44: =INDEX(BG43:BG46,MATCH(BC44,$BD43:$BD46,0)) -> 0 | AA44: =INDEX(BH43:BH46,MATCH(BC44,$BD43:$BD46,0)) -> 0 | AB44: =INDEX(BI43:BI46,MATCH(BC44,$BD43:$BD46,0)) -> 0 | AE44: =R44 -> Haiti | AF44: =U44 -> Scotland | AG44: =_xlfn.XLOOKUP(AE44,'FIFA rankings'!$B:$B,'FIFA rankings'!$D:$D) -> 1291.71 | AH44: =_xlfn.XLOOKUP(AF44,'FIFA rankings'!$B:$B,'FIFA rankings'!$D:$D) -> 1498.35 | AI44: =IFERROR(AG44-AH44,"n.a.") -> -206.64 | AK44: =IFERROR($AI$7*POWER(10,$AI44/$AI$6),"n.a.") -> 1.1466049 | AL44: =IFERROR($AI$7*POWER(10,-$AI44/$AI$6),"n.a.") -> 1.7093943 | AN44: {=1/SUMPRODUCT(_xlfn.POISSON.DIST(ROW($1:$8)-1,$AK44,FALSE)*_xlfn.POISSON.DIST(TRANSPOSE(ROW($1:$8)-1),$AL44,FALSE)*((ROW($1:$8)-1)>(TRANSPOSE(ROW($1:$8)-1))))} -> 3.9132362 | AO44: {=1/SUMPRODUCT(_xlfn.POISSON.DIST(ROW($1:$8)-1,$AK44,FALSE)*_xlfn.POISSON.DIST(TRANSPOSE(ROW($1:$8)-1),$AL44,FALSE)*((ROW($1:$8)-1)=(TRANSPOSE(ROW($1:$8)-1))))} -> 4.1834407 | AP44: {=1/SUMPRODUCT(_xlfn.POISSON.DIST(ROW($1:$8)-1,$AK44,FALSE)*_xlfn.POISSON.DIST(TRANSPOSE(ROW($1:$8)-1),$AL44,FALSE)*((ROW($1:$8)-1)<(TRANSPOSE(ROW($1:$8)-1))))} -> 1.9802352 | AS44: =1-SUM(1/AN44,1/AO44,1/AP44) -> 0.00042882518 | BA44: =IF(ROUND(BC44,0)=ROUND(BC43,0),BA43,2) -> 1 | BB44: =ROUND(BC44,0) -> 2 | BC44: =MAX(MIN(BD43:BD45),MIN(BD43,BD44,BD46),MIN(BD43,BD45,BD46),MIN(BD44:BD46)) -> 2.46 | BD44: =SUM(BV44:BY44)+2.46 -> 2.46 | BE44: =U43 -> Morocco | BF44: =SUM(BJ44:BM44) -> 0 | BG44: =T43+T46+S48 -> 0 | BH44: =S43+S46+T48 -> 0 | BI44: =BG44-BH44 -> 0 | BJ44: =IF(ISBLANK(T43),0,IF(BK43=3,0,IF(BK43=1,1,3))) -> 0 | BK44: x | BL44: =IF(ISBLANK(S48),0,IF(BK45=3,0,IF(BK45=1,1,3))) -> 0 | BM44: =IF(ISBLANK(T46),0,IF(T46>S46,3,IF(T46=S46,1,0))) -> 0 | BN44: =(10*(BI43-BI44)+BG43-BG44<0) -> FALSE | BO44: x | BP44: =10*(BI44-BI45)+BG44-BG45>0 -> FALSE | BQ44: =10*(BI44-BI46)+BG44-BG46>0 -> FALSE | BR44: =10000*(BJ44+BL44)+(T43-S43+S48-T48)*100+(T43+S48) -> 0 | BS44: =10000*(BJ44+BM44)+(T43-S43+T46-S46)*100+(T43+T46) -> 0 | BT44: x | BU44: =10000*(BL44+BM44)+(T46-S46+S48-T48)*100+(T46+S48) -> 0 | BV44: =-BW43 -> 0 | BW44: x | BX44: =IF($BF44>$BF45,-0.5,IF($BF45>$BF44,0.5,IF(BP44,-0.5,IF(BO45,0.5,CN44)))) -> 0 | BY44: =IF($BF44>$BF46,-0.5,IF($BF46>$BF44,0.5,IF(BQ44,-0.5,IF(BO46,0.5,CO44)))) -> 0 | CM44: x | CN44: =IF($CH43,IF(T48-S48<0,-0.5,IF(S48-T48<0,0.5,0)),IF($CA43,IF($BR44>$BR45,-0.5,IF($BR44<$BR45,0.5,0)),IF($CD43,IF($BU44>$BU45,-0.5,IF($BU44<$BU45,0.5,0)),0))) -> 0 | CO44: =IF($CI43,IF(S46-T46<0,-0.5,IF(T46-S46<0,0.5,0)),IF($CB43,IF($BS44>$BS46,-0.5,IF($BS44<$BS46,0.5,0)),IF($CD43,IF($BU44>$BU46,-0.5,IF($BU44<$BU46,0.5,0)),0))) -> 0
A45: =IF(OR(ISBLANK(S45),ISBLANK(T45)),1,0) -> 1 | C45: 29 | D45: C3 | E45: Group | F45: Group C | G45: =R45 -> Brazil | H45: =AN45 -> 1.490851 | J45: Draw | K45: =AO45 -> 5.3024703 | M45: =U45 -> Haiti | N45: =AP45 -> 7.2124486 | P45: 46193 | Q45: 0.125 | R45: =R43 -> Brazil | U45: =R44 -> Haiti | W45: =BA45 -> 1 | X45: =INDEX(BE43:BE46,MATCH(BC45,$BD43:$BD46,0)) -> Haiti | Y45: =INDEX(BF43:BF46,MATCH(BC45,$BD43:$BD46,0)) -> 0 | Z45: =INDEX(BG43:BG46,MATCH(BC45,$BD43:$BD46,0)) -> 0 | AA45: =INDEX(BH43:BH46,MATCH(BC45,$BD43:$BD46,0)) -> 0 | AB45: =INDEX(BI43:BI46,MATCH(BC45,$BD43:$BD46,0)) -> 0 | AE45: =R45 -> Brazil | AF45: =U45 -> Haiti | AG45: =_xlfn.XLOOKUP(AE45,'FIFA rankings'!$B:$B,'FIFA rankings'!$D:$D) -> 1761.16 | AH45: =_xlfn.XLOOKUP(AF45,'FIFA rankings'!$B:$B,'FIFA rankings'!$D:$D) -> 1291.71 | AI45: =IFERROR(AG45-AH45,"n.a.") -> 469.45 | AK45: =IFERROR($AI$7*POWER(10,$AI45/$AI$6),"n.a.") -> 2.2035739 | AL45: =IFERROR($AI$7*POWER(10,-$AI45/$AI$6),"n.a.") -> 0.88946416 | AN45: {=1/SUMPRODUCT(_xlfn.POISSON.DIST(ROW($1:$8)-1,$AK45,FALSE)*_xlfn.POISSON.DIST(TRANSPOSE(ROW($1:$8)-1),$AL45,FALSE)*((ROW($1:$8)-1)>(TRANSPOSE(ROW($1:$8)-1))))} -> 1.490851 | AO45: {=1/SUMPRODUCT(_xlfn.POISSON.DIST(ROW($1:$8)-1,$AK45,FALSE)*_xlfn.POISSON.DIST(TRANSPOSE(ROW($1:$8)-1),$AL45,FALSE)*((ROW($1:$8)-1)=(TRANSPOSE(ROW($1:$8)-1))))} -> 5.3024703 | AP45: {=1/SUMPRODUCT(_xlfn.POISSON.DIST(ROW($1:$8)-1,$AK45,FALSE)*_xlfn.POISSON.DIST(TRANSPOSE(ROW($1:$8)-1),$AL45,FALSE)*((ROW($1:$8)-1)<(TRANSPOSE(ROW($1:$8)-1))))} -> 7.2124486 | AS45: =1-SUM(1/AN45,1/AO45,1/AP45) -> 0.0020016522 | BA45: =IF(ROUND(BC45,0)=ROUND(BC44,0),BA44,3) -> 1 | BB45: =ROUND(BC45,0) -> 2 | BC45: =MIN(MAX(BD43:BD45),MAX(BD43,BD44,BD46),MAX(BD43,BD45,BD46),MAX(BD44:BD46)) -> 2.47 | BD45: =SUM(BV45:BY45)+2.47 -> 2.47 | BE45: =R44 -> Haiti | BF45: =SUM(BJ45:BM45) -> 0 | BG45: =S44+T45+T48 -> 0 | BH45: =T44+S45+S48 -> 0 | BI45: =BG45-BH45 -> 0 | BJ45: =IF(ISBLANK(T45),0,IF(BL43=3,0,IF(BL43=1,1,3))) -> 0 | BK45: =IF(ISBLANK(T48),0,IF(T48>S48,3,IF(T48=S48,1,0))) -> 0 | BL45: x | BM45: =IF(ISBLANK(S44),0,IF(S44>T44,3,IF(S44=T44,1,0))) -> 0 | BN45: =10*(BI43-BI45)+BG43-BG45<0 -> FALSE | BO45: =10*(BI44-BI45)+BG44-BG45<0 -> FALSE | BP45: x | BQ45: =10*(BI45-BI46)+BG45-BG46>0 -> FALSE | BR45: =10000*(BJ45+BK45)+(T45-S45+T48-S48)*100+(T45+T48) -> 0 | BS45: x | BT45: =10000*(BJ45+BM45)+(S44-T44+T45-S45)*100+(S44+T45) -> 0 | BU45: =10000*(BK45+BM45)+(S44-T44+T48-S48)*100+(S44+T48) -> 0 | BV45: =-BX43 -> 0 | BW45: =-BX44 -> 0 | BX45: x | BY45: =IF($BF45>$BF46,-0.5,IF($BF46>$BF45,0.5,IF(BQ45,-0.5,IF(BP46,0.5,CO45)))) -> 0 | CN45: x | CO45: =IF($CJ43,IF(T44-S44<0,-0.5,IF(S44-T44<0,0.5,0)),IF($CC43,IF($BT45>$BT46,-0.5,IF($BT45<$BT46,0.5,0)),IF($CD43,IF($BU45>$BU46,-0.5,IF($BU45<$BU46,0.5,0)),0))) -> 0
A46: =IF(OR(ISBLANK(S46),ISBLANK(T46)),1,0) -> 1 | C46: 30 | D46: C4 | E46: Group | F46: Group C | G46: =R46 -> Scotland | H46: =AN46 -> 4.3530255 | J46: Draw | K46: =AO46 -> 4.3157271 | M46: =U46 -> Morocco | N46: =AP46 -> 1.8587624 | P46: 46193 | Q46: 0 | R46: =U44 -> Scotland | U46: =U43 -> Morocco | W46: =BA46 -> 1 | X46: =INDEX(BE43:BE46,MATCH(BC46,$BD43:$BD46,0)) -> Scotland | Y46: =INDEX(BF43:BF46,MATCH(BC46,$BD43:$BD46,0)) -> 0 | Z46: =INDEX(BG43:BG46,MATCH(BC46,$BD43:$BD46,0)) -> 0 | AA46: =INDEX(BH43:BH46,MATCH(BC46,$BD43:$BD46,0)) -> 0 | AB46: =INDEX(BI43:BI46,MATCH(BC46,$BD43:$BD46,0)) -> 0 | AE46: =R46 -> Scotland | AF46: =U46 -> Morocco | AG46: =_xlfn.XLOOKUP(AE46,'FIFA rankings'!$B:$B,'FIFA rankings'!$D:$D) -> 1498.35 | AH46: =_xlfn.XLOOKUP(AF46,'FIFA rankings'!$B:$B,'FIFA rankings'!$D:$D) -> 1755.87 | AI46: =IFERROR(AG46-AH46,"n.a.") -> -257.52 | AK46: =IFERROR($AI$7*POWER(10,$AI46/$AI$6),"n.a.") -> 1.0915976 | AL46: =IFERROR($AI$7*POWER(10,-$AI46/$AI$6),"n.a.") -> 1.7955334 | AN46: {=1/SUMPRODUCT(_xlfn.POISSON.DIST(ROW($1:$8)-1,$AK46,FALSE)*_xlfn.POISSON.DIST(TRANSPOSE(ROW($1:$8)-1),$AL46,FALSE)*((ROW($1:$8)-1)>(TRANSPOSE(ROW($1:$8)-1))))} -> 4.3530255 | AO46: {=1/SUMPRODUCT(_xlfn.POISSON.DIST(ROW($1:$8)-1,$AK46,FALSE)*_xlfn.POISSON.DIST(TRANSPOSE(ROW($1:$8)-1),$AL46,FALSE)*((ROW($1:$8)-1)=(TRANSPOSE(ROW($1:$8)-1))))} -> 4.3157271 | AP46: {=1/SUMPRODUCT(_xlfn.POISSON.DIST(ROW($1:$8)-1,$AK46,FALSE)*_xlfn.POISSON.DIST(TRANSPOSE(ROW($1:$8)-1),$AL46,FALSE)*((ROW($1:$8)-1)<(TRANSPOSE(ROW($1:$8)-1))))} -> 1.8587624 | AS46: =1-SUM(1/AN46,1/AO46,1/AP46) -> 0.00057167244 | BA46: =IF(ROUND(BC46,0)=ROUND(BC45,0),BA45,4) -> 1 | BB46: =ROUND(BC46,0) -> 2 | BC46: =MAX(BD43:BD46) -> 2.48 | BD46: =SUM(BV46:BY46)+2.48 -> 2.48 | BE46: =U44 -> Scotland | BF46: =SUM(BJ46:BM46) -> 0 | BG46: =T44+S46+S47 -> 0 | BH46: =S44+T46+T47 -> 0 | BI46: =BG46-BH46 -> 0 | BJ46: =IF(ISBLANK(S47),0,IF(BM43=3,0,IF(BM43=1,1,3))) -> 0 | BK46: =IF(ISBLANK(S46),0,IF(BM44=3,0,IF(BM44=1,1,3))) -> 0 | BL46: =IF(ISBLANK(T44),0,IF(BM45=3,0,IF(BM45=1,1,3))) -> 0 | BM46: x | BN46: =10*(BI43-BI46)+BG43-BG46<0 -> FALSE | BO46: =10*(BI44-BI46)+BG44-BG46<0 -> FALSE | BP46: =10*(BI45-BI46)+BG45-BG46<0 -> FALSE | BQ46: x | BR46: x | BS46: =10000*(BJ46+BK46)+(S46-T46+S47-T47)*100+(S46+S47) -> 0 | BT46: =10000*(BJ46+BL46)+(S47-T47+T44-S44)*100+(S47+T44) -> 0 | BU46: =10000*(BK46+BL46)+(S46-T46+T44-S44)*100+(S46+T44) -> 0 | BV46: =-BY43 -> 0 | BW46: =-BY44 -> 0 | BX46: =-BY45 -> 0 | BY46: x | CO46: x
A47: =IF(OR(ISBLANK(S47),ISBLANK(T47)),1,0) -> 1 | C47: 49 | E47: Group | F47: Group C | G47: =R47 -> Scotland | H47: =AN47 -> 4.4028722 | J47: Draw | K47: =AO47 -> 4.3314471 | M47: =U47 -> Brazil | N47: =AP47 -> 1.8470075 | P47: 46198 | Q47: 0 | R47: =U44 -> Scotland | U47: =R43 -> Brazil | X47: =IF(OR(W45<3,W44<2),"TIRAGE AU SORT !!!"," ") -> TIRAGE AU SORT !!! | AE47: =R47 -> Scotland | AF47: =U47 -> Brazil | AG47: =_xlfn.XLOOKUP(AE47,'FIFA rankings'!$B:$B,'FIFA rankings'!$D:$D) -> 1498.35 | AH47: =_xlfn.XLOOKUP(AF47,'FIFA rankings'!$B:$B,'FIFA rankings'!$D:$D) -> 1761.16 | AI47: =IFERROR(AG47-AH47,"n.a.") -> -262.81 | AK47: =IFERROR($AI$7*POWER(10,$AI47/$AI$6),"n.a.") -> 1.0860321 | AL47: =IFERROR($AI$7*POWER(10,-$AI47/$AI$6),"n.a.") -> 1.8047348 | AN47: {=1/SUMPRODUCT(_xlfn.POISSON.DIST(ROW($1:$8)-1,$AK47,FALSE)*_xlfn.POISSON.DIST(TRANSPOSE(ROW($1:$8)-1),$AL47,FALSE)*((ROW($1:$8)-1)>(TRANSPOSE(ROW($1:$8)-1))))} -> 4.4028722 | AO47: {=1/SUMPRODUCT(_xlfn.POISSON.DIST(ROW($1:$8)-1,$AK47,FALSE)*_xlfn.POISSON.DIST(TRANSPOSE(ROW($1:$8)-1),$AL47,FALSE)*((ROW($1:$8)-1)=(TRANSPOSE(ROW($1:$8)-1))))} -> 4.3314471 | AP47: {=1/SUMPRODUCT(_xlfn.POISSON.DIST(ROW($1:$8)-1,$AK47,FALSE)*_xlfn.POISSON.DIST(TRANSPOSE(ROW($1:$8)-1),$AL47,FALSE)*((ROW($1:$8)-1)<(TRANSPOSE(ROW($1:$8)-1))))} -> 1.8470075 | AS47: =1-SUM(1/AN47,1/AO47,1/AP47) -> 0.00058948125
A48: =IF(OR(ISBLANK(S48),ISBLANK(T48)),1,0) -> 1 | C48: 50 | E48: Group | F48: Group C | G48: =R48 -> Morocco | H48: =AN48 -> 1.4978624 | J48: Draw | K48: =AO48 -> 5.2671853 | M48: =U48 -> Haiti | N48: =AP48 -> 7.1130475 | P48: 46198 | Q48: 0 | R48: =U43 -> Morocco | U48: =R44 -> Haiti | AE48: =R48 -> Morocco | AF48: =U48 -> Haiti | AG48: =_xlfn.XLOOKUP(AE48,'FIFA rankings'!$B:$B,'FIFA rankings'!$D:$D) -> 1755.87 | AH48: =_xlfn.XLOOKUP(AF48,'FIFA rankings'!$B:$B,'FIFA rankings'!$D:$D) -> 1291.71 | AI48: =IFERROR(AG48-AH48,"n.a.") -> 464.16 | AK48: =IFERROR($AI$7*POWER(10,$AI48/$AI$6),"n.a.") -> 2.1923391 | AL48: =IFERROR($AI$7*POWER(10,-$AI48/$AI$6),"n.a.") -> 0.89402229 | AN48: {=1/SUMPRODUCT(_xlfn.POISSON.DIST(ROW($1:$8)-1,$AK48,FALSE)*_xlfn.POISSON.DIST(TRANSPOSE(ROW($1:$8)-1),$AL48,FALSE)*((ROW($1:$8)-1)>(TRANSPOSE(ROW($1:$8)-1))))} -> 1.4978624 | AO48: {=1/SUMPRODUCT(_xlfn.POISSON.DIST(ROW($1:$8)-1,$AK48,FALSE)*_xlfn.POISSON.DIST(TRANSPOSE(ROW($1:$8)-1),$AL48,FALSE)*((ROW($1:$8)-1)=(TRANSPOSE(ROW($1:$8)-1))))} -> 5.2671853 | AP48: {=1/SUMPRODUCT(_xlfn.POISSON.DIST(ROW($1:$8)-1,$AK48,FALSE)*_xlfn.POISSON.DIST(TRANSPOSE(ROW($1:$8)-1),$AL48,FALSE)*((ROW($1:$8)-1)<(TRANSPOSE(ROW($1:$8)-1))))} -> 7.1130475 | AS48: =1-SUM(1/AN48,1/AO48,1/AP48) -> 0.0019404824
F50: Group D | G50: =$F50 & " / Odds" -> Group D / Odds | P50: =$F50 & " / Results" -> Group D / Results | X50: =X42 -> Ranking | Y50: Pts | Z50: GF | AA50: GA | AB50: ="+/-" -> +/- | BD50: Rank | BE50: Team | BF50: Pts | BG50: GF | BH50: GA | BI50: GD | BJ50: Ag1 | BK50: Ag2 | BL50: Ag3 | BM50: Ag4 | BN50: Sp1 | BO50: Sp2 | BP50: Sp3 | BQ50: Sp4 | BR50: T123 | BS50: T124 | BT50: T134 | BU50: T234 | BV50: Rk1 | BW50: Rk2 | BX50: Rk3 | BY50: Rk4 | BZ50: T1234 | CA50: T123 | CB50: T124 | CC50: T134 | CD50: T234 | CE50: T12 | CF50: T13 | CG50: T14 | CH50: T23 | CI50: T24 | CJ50: T34 | CK50: NoT | CL50: sRk1 | CM50: sRk2 | CN50: sRk3 | CO50: sRk4
A51: =IF(OR(ISBLANK(S51),ISBLANK(T51)),1,0) -> 1 | C51: 4 | D51: D1 | E51: Group | F51: Group D | G51: =R51 -> USA | H51: =AN51 -> 2.0790397 | J51: Draw | K51: =AO51 -> 4.1075642 | M51: =U51 -> Paraguay | N51: =AP51 -> 3.6336844 | P51: 46186 | Q51: 0.125 | R51: USA | U51: Paraguay | W51: =BA51 -> 1 | X51: =INDEX(BE51:BE54,MATCH(BC51,$BD51:$BD54,0)) -> USA | Y51: =INDEX(BF51:BF54,MATCH(BC51,$BD51:$BD54,0)) -> 0 | Z51: =INDEX(BG51:BG54,MATCH(BC51,$BD51:$BD54,0)) -> 0 | AA51: =INDEX(BH51:BH54,MATCH(BC51,$BD51:$BD54,0)) -> 0 | AB51: =INDEX(BI51:BI54,MATCH(BC51,$BD51:$BD54,0)) -> 0 | AE51: =R51 -> USA | AF51: =U51 -> Paraguay | AG51: =_xlfn.XLOOKUP(AE51,'FIFA rankings'!$B:$B,'FIFA rankings'!$D:$D) -> 1673.13 | AH51: =_xlfn.XLOOKUP(AF51,'FIFA rankings'!$B:$B,'FIFA rankings'!$D:$D) -> 1503.5 | AI51: =IFERROR(AG51-AH51,"n.a.") -> 169.63 | AK51: =IFERROR($AI$7*POWER(10,$AI51/$AI$6),"n.a.") -> 1.6493447 | AL51: =IFERROR($AI$7*POWER(10,-$AI51/$AI$6),"n.a.") -> 1.1883508 | AN51: {=1/SUMPRODUCT(_xlfn.POISSON.DIST(ROW($1:$8)-1,$AK51,FALSE)*_xlfn.POISSON.DIST(TRANSPOSE(ROW($1:$8)-1),$AL51,FALSE)*((ROW($1:$8)-1)>(TRANSPOSE(ROW($1:$8)-1))))} -> 2.0790397 | AO51: {=1/SUMPRODUCT(_xlfn.POISSON.DIST(ROW($1:$8)-1,$AK51,FALSE)*_xlfn.POISSON.DIST(TRANSPOSE(ROW($1:$8)-1),$AL51,FALSE)*((ROW($1:$8)-1)=(TRANSPOSE(ROW($1:$8)-1))))} -> 4.1075642 | AP51: {=1/SUMPRODUCT(_xlfn.POISSON.DIST(ROW($1:$8)-1,$AK51,FALSE)*_xlfn.POISSON.DIST(TRANSPOSE(ROW($1:$8)-1),$AL51,FALSE)*((ROW($1:$8)-1)<(TRANSPOSE(ROW($1:$8)-1))))} -> 3.6336844 | AS51: =1-SUM(1/AN51,1/AO51,1/AP51) -> 0.00035265263 | BA51: 1 | BB51: =ROUND(BC51,0) -> 2 | BC51: =MIN(BD51:BD54) -> 2.45 | BD51: =SUM(BV51:BY51)+2.45 -> 2.45 | BE51: =R51 -> USA | BF51: =SUM(BJ51:BM51) -> 0 | BG51: =S51+S53+T55 -> 0 | BH51: =T51+T53+S55 -> 0 | BI51: =BG51-BH51 -> 0 | BJ51: x | BK51: =IF(ISBLANK(S51),0,IF(S51>T51,3,IF(S51=T51,1,0))) -> 0 | BL51: =IF(ISBLANK(S53),0,IF(S53>T53,3,IF(S53=T53,1,0))) -> 0 | BM51: =IF(ISBLANK(T55),0,IF(T55>S55,3,IF(T55=S55,1,0))) -> 0 | BN51: x | BO51: =(10*(BI51-BI52)+BG51-BG52>0) -> FALSE | BP51: =10*(BI51-BI53)+BG51-BG53>0 -> FALSE | BQ51: =10*(BI51-BI54)+BG51-BG54>0 -> FALSE | BR51: =10000*(BK51+BL51)+(S53-T53+S51-T51)*100+(S53+S51) -> 0 | BS51: =10000*(BK51+BM51)+(S51-T51+T55-S55)*100+(S51+T55) -> 0 | BT51: =10000*(BL51+BM51)+(T55-S55+S53-T53)*100+(T55+S53) -> 0 | BU51: x | BV51: x | BW51: =IF($BF51>$BF52,-0.5,IF($BF52>$BF51,0.5,IF(BO51,-0.5,IF(BN52,0.5,CM51)))) -> 0 | BX51: =IF($BF51>$BF53,-0.5,IF($BF53>$BF51,0.5,IF(BP51,-0.5,IF(BN53,0.5,CN51)))) -> 0 | BY51: =IF($BF51>$BF54,-0.5,IF($BF54>$BF51,0.5,IF(BQ51,-0.5,IF(BN54,0.5,CO51)))) -> 0 | BZ51: =AND(AND(BF51=BF52,BF52=BF53,BF53=BF54),AND(BG51=BG52,BG52=BG53,BG53=BG54),AND(BH51=BH52,BH52=BH53,BH53=BH54)) -> TRUE | CA51: =AND(NOT(BZ51),BF51=BF52,BF51=BF53,BG51=BG52,BG51=BG53,BH51=BH52,BH51=BH53) -> FALSE | CB51: =AND(NOT(BZ51),BF51=BF52,BF51=BF54,BG51=BG52,BG51=BG54,BH51=BH52,BH51=BH54) -> FALSE | CC51: =AND(NOT(BZ51),BF51=BF53,BF51=BF54,BG51=BG53,BG51=BG54,BH51=BH53,BH51=BH54) -> FALSE | CD51: =AND(NOT(BZ51),BF52=BF53,BF52=BF54,BG52=BG53,BG52=BG54,BH52=BH53,BH52=BH54) -> FALSE | CE51: =AND(NOT(BZ51),NOT(CA51),NOT(CB51),BF51=BF52,BG51=BG52,BH51=BH52) -> FALSE | CF51: =AND(NOT(BZ51),NOT(CA51),NOT(CC51),BF51=BF53,BG51=BG53,BH51=BH53) -> FALSE | CG51: =AND(NOT(BZ51),NOT(CB51),NOT(CC51),BF51=BF54,BG51=BG54,BH51=BH54) -> FALSE | CH51: =AND(NOT(BZ51),NOT(CA51),NOT(CD51),BF52=BF53,BG52=BG53) -> FALSE | CI51: =AND(NOT(BZ51),NOT(CB51),NOT(CD51),BF52=BF54,BG52=BG54,BH52=BH54) -> FALSE | CJ51: =AND(NOT(BZ51),NOT(CC51),NOT(CD51),BF53=BF54,BG53=BG54,BH53=BH54) -> FALSE | CK51: {=AND(NOT(BZ51:CJ51))} -> FALSE | CL51: x | CM51: =IF($CE51,IF(T51-S51<0,-0.5,IF(S51-T51<0,0.5,0)),IF($CA51,IF($BR51>$BR52,-0.5,IF($BR51<$BR52,0.5,0)),IF($CB51,IF($BS51>$BS52,-0.5, IF($BS51<$BS52,0.5,0)),0))) -> 0 | CN51: =IF($CF51,IF(T53-S53<0,-0.5,IF(S53-T53<0,0.5,0)),IF($CA51,IF($BR51>$BR53,-0.5,IF($BR51<$BR53,0.5,0)),IF($CC51,IF($BT51>$BT53,-0.5,IF($BT51<$BT53,0.5,0)),0))) -> 0 | CO51: =IF($CG51,IF(S55-T55<0,-0.5,IF(T55-S55<0,0.5,0)),IF($CB51,IF($BS51>$BS54,-0.5,IF($BS51<$BS54,0.5,0)),IF($CC51,IF($BT51>$BT54,-0.5, IF($BT51<$BT54,0.5,0)),0))) -> 0
A52: =IF(OR(ISBLANK(S52),ISBLANK(T52)),1,0) -> 1 | C52: 6 | D52: D2 | E52: Group | F52: Group D | G52: =R52 -> Australia | H52: =AN52 -> 2.7602254 | J52: Draw | K52: =AO52 -> 3.957355 | M52: =U52 -> Türkiye | N52: =AP52 -> 2.5987383 | P52: 46187 | Q52: 0.25 | R52: Australia | U52: Türkiye | W52: =BA52 -> 1 | X52: =INDEX(BE51:BE54,MATCH(BC52,$BD51:$BD54,0)) -> Paraguay | Y52: =INDEX(BF51:BF54,MATCH(BC52,$BD51:$BD54,0)) -> 0 | Z52: =INDEX(BG51:BG54,MATCH(BC52,$BD51:$BD54,0)) -> 0 | AA52: =INDEX(BH51:BH54,MATCH(BC52,$BD51:$BD54,0)) -> 0 | AB52: =INDEX(BI51:BI54,MATCH(BC52,$BD51:$BD54,0)) -> 0 | AE52: =R52 -> Australia | AF52: =U52 -> Türkiye | AG52: =_xlfn.XLOOKUP(AE52,'FIFA rankings'!$B:$B,'FIFA rankings'!$D:$D) -> 1580.67 | AH52: =_xlfn.XLOOKUP(AF52,'FIFA rankings'!$B:$B,'FIFA rankings'!$D:$D) -> 1599.04 | AI52: =IFERROR(AG52-AH52,"n.a.") -> -18.37 | AK52: =IFERROR($AI$7*POWER(10,$AI52/$AI$6),"n.a.") -> 1.3753691 | AL52: =IFERROR($AI$7*POWER(10,-$AI52/$AI$6),"n.a.") -> 1.425072 | AN52: {=1/SUMPRODUCT(_xlfn.POISSON.DIST(ROW($1:$8)-1,$AK52,FALSE)*_xlfn.POISSON.DIST(TRANSPOSE(ROW($1:$8)-1),$AL52,FALSE)*((ROW($1:$8)-1)>(TRANSPOSE(ROW($1:$8)-1))))} -> 2.7602254 | AO52: {=1/SUMPRODUCT(_xlfn.POISSON.DIST(ROW($1:$8)-1,$AK52,FALSE)*_xlfn.POISSON.DIST(TRANSPOSE(ROW($1:$8)-1),$AL52,FALSE)*((ROW($1:$8)-1)=(TRANSPOSE(ROW($1:$8)-1))))} -> 3.957355 | AP52: {=1/SUMPRODUCT(_xlfn.POISSON.DIST(ROW($1:$8)-1,$AK52,FALSE)*_xlfn.POISSON.DIST(TRANSPOSE(ROW($1:$8)-1),$AL52,FALSE)*((ROW($1:$8)-1)<(TRANSPOSE(ROW($1:$8)-1))))} -> 2.5987383 | AS52: =1-SUM(1/AN52,1/AO52,1/AP52) -> 0.00021458773 | BA52: =IF(ROUND(BC52,0)=ROUND(BC51,0),BA51,2) -> 1 | BB52: =ROUND(BC52,0) -> 2 | BC52: =MAX(MIN(BD51:BD53),MIN(BD51,BD52,BD54),MIN(BD51,BD53,BD54),MIN(BD52:BD54)) -> 2.46 | BD52: =SUM(BV52:BY52)+2.46 -> 2.46 | BE52: =U51 -> Paraguay | BF52: =SUM(BJ52:BM52) -> 0 | BG52: =T51+T54+S56 -> 0 | BH52: =S51+S54+T56 -> 0 | BI52: =BG52-BH52 -> 0 | BJ52: =IF(ISBLANK(T51),0,IF(BK51=3,0,IF(BK51=1,1,3))) -> 0 | BK52: x | BL52: =IF(ISBLANK(S56),0,IF(BK53=3,0,IF(BK53=1,1,3))) -> 0 | BM52: =IF(ISBLANK(T54),0,IF(T54>S54,3,IF(T54=S54,1,0))) -> 0 | BN52: =(10*(BI51-BI52)+BG51-BG52<0) -> FALSE | BO52: x | BP52: =10*(BI52-BI53)+BG52-BG53>0 -> FALSE | BQ52: =10*(BI52-BI54)+BG52-BG54>0 -> FALSE | BR52: =10000*(BJ52+BL52)+(T51-S51+S56-T56)*100+(T51+S56) -> 0 | BS52: =10000*(BJ52+BM52)+(T51-S51+T54-S54)*100+(T51+T54) -> 0 | BT52: x | BU52: =10000*(BL52+BM52)+(T54-S54+S56-T56)*100+(T54+S56) -> 0 | BV52: =-BW51 -> 0 | BW52: x | BX52: =IF($BF52>$BF53,-0.5,IF($BF53>$BF52,0.5,IF(BP52,-0.5,IF(BO53,0.5,CN52)))) -> 0 | BY52: =IF($BF52>$BF54,-0.5,IF($BF54>$BF52,0.5,IF(BQ52,-0.5,IF(BO54,0.5,CO52)))) -> 0 | CM52: x | CN52: =IF($CH51,IF(T56-S56<0,-0.5,IF(S56-T56<0,0.5,0)),IF($CA51,IF($BR52>$BR53,-0.5,IF($BR52<$BR53,0.5,0)),IF($CD51,IF($BU52>$BU53,-0.5,IF($BU52<$BU53,0.5,0)),0))) -> 0 | CO52: =IF($CI51,IF(S54-T54<0,-0.5,IF(T54-S54<0,0.5,0)),IF($CB51,IF($BS52>$BS54,-0.5,IF($BS52<$BS54,0.5,0)),IF($CD51,IF($BU52>$BU54,-0.5,IF($BU52<$BU54,0.5,0)),0))) -> 0
A53: =IF(OR(ISBLANK(S53),ISBLANK(T53)),1,0) -> 1 | C53: 31 | D53: D3 | E53: Group | F53: Group D | G53: =R53 -> USA | H53: =AN53 -> 2.318212 | J53: Draw | K53: =AO53 -> 4.0000884 | M53: =U53 -> Australia | N53: =AP53 -> 3.140837 | P53: 46192 | Q53: 0.875 | R53: =R51 -> USA | U53: =R52 -> Australia | W53: =BA53 -> 1 | X53: =INDEX(BE51:BE54,MATCH(BC53,$BD51:$BD54,0)) -> Australia | Y53: =INDEX(BF51:BF54,MATCH(BC53,$BD51:$BD54,0)) -> 0 | Z53: =INDEX(BG51:BG54,MATCH(BC53,$BD51:$BD54,0)) -> 0 | AA53: =INDEX(BH51:BH54,MATCH(BC53,$BD51:$BD54,0)) -> 0 | AB53: =INDEX(BI51:BI54,MATCH(BC53,$BD51:$BD54,0)) -> 0 | AE53: =R53 -> USA | AF53: =U53 -> Australia | AG53: =_xlfn.XLOOKUP(AE53,'FIFA rankings'!$B:$B,'FIFA rankings'!$D:$D) -> 1673.13 | AH53: =_xlfn.XLOOKUP(AF53,'FIFA rankings'!$B:$B,'FIFA rankings'!$D:$D) -> 1580.67 | AI53: =IFERROR(AG53-AH53,"n.a.") -> 92.46 | AK53: =IFERROR($AI$7*POWER(10,$AI53/$AI$6),"n.a.") -> 1.5308332 | AL53: =IFERROR($AI$7*POWER(10,-$AI53/$AI$6),"n.a.") -> 1.2803485 | AN53: {=1/SUMPRODUCT(_xlfn.POISSON.DIST(ROW($1:$8)-1,$AK53,FALSE)*_xlfn.POISSON.DIST(TRANSPOSE(ROW($1:$8)-1),$AL53,FALSE)*((ROW($1:$8)-1)>(TRANSPOSE(ROW($1:$8)-1))))} -> 2.318212 | AO53: {=1/SUMPRODUCT(_xlfn.POISSON.DIST(ROW($1:$8)-1,$AK53,FALSE)*_xlfn.POISSON.DIST(TRANSPOSE(ROW($1:$8)-1),$AL53,FALSE)*((ROW($1:$8)-1)=(TRANSPOSE(ROW($1:$8)-1))))} -> 4.0000884 | AP53: {=1/SUMPRODUCT(_xlfn.POISSON.DIST(ROW($1:$8)-1,$AK53,FALSE)*_xlfn.POISSON.DIST(TRANSPOSE(ROW($1:$8)-1),$AL53,FALSE)*((ROW($1:$8)-1)<(TRANSPOSE(ROW($1:$8)-1))))} -> 3.140837 | AS53: =1-SUM(1/AN53,1/AO53,1/AP53) -> 0.00025212137 | BA53: =IF(ROUND(BC53,0)=ROUND(BC52,0),BA52,3) -> 1 | BB53: =ROUND(BC53,0) -> 2 | BC53: =MIN(MAX(BD51:BD53),MAX(BD51,BD52,BD54),MAX(BD51,BD53,BD54),MAX(BD52:BD54)) -> 2.47 | BD53: =SUM(BV53:BY53)+2.47 -> 2.47 | BE53: =R52 -> Australia | BF53: =SUM(BJ53:BM53) -> 0 | BG53: =S52+T53+T56 -> 0 | BH53: =T52+S53+S56 -> 0 | BI53: =BG53-BH53 -> 0 | BJ53: =IF(ISBLANK(T53),0,IF(BL51=3,0,IF(BL51=1,1,3))) -> 0 | BK53: =IF(ISBLANK(T56),0,IF(T56>S56,3,IF(T56=S56,1,0))) -> 0 | BL53: x | BM53: =IF(ISBLANK(S52),0,IF(S52>T52,3,IF(S52=T52,1,0))) -> 0 | BN53: =10*(BI51-BI53)+BG51-BG53<0 -> FALSE | BO53: =10*(BI52-BI53)+BG52-BG53<0 -> FALSE | BP53: x | BQ53: =10*(BI53-BI54)+BG53-BG54>0 -> FALSE | BR53: =10000*(BJ53+BK53)+(T53-S53+T56-S56)*100+(T53+T56) -> 0 | BS53: x | BT53: =10000*(BJ53+BM53)+(S52-T52+T53-S53)*100+(S52+T53) -> 0 | BU53: =10000*(BK53+BM53)+(S52-T52+T56-S56)*100+(S52+T56) -> 0 | BV53: =-BX51 -> 0 | BW53: =-BX52 -> 0 | BX53: x | BY53: =IF($BF53>$BF54,-0.5,IF($BF54>$BF53,0.5,IF(BQ53,-0.5,IF(BP54,0.5,CO53)))) -> 0 | CN53: x | CO53: =IF($CJ51,IF(T52-S52<0,-0.5,IF(S52-T52<0,0.5,0)),IF($CC51,IF($BT53>$BT54,-0.5,IF($BT53<$BT54,0.5,0)),IF($CD51,IF($BU53>$BU54,-0.5,IF($BU53<$BU54,0.5,0)),0))) -> 0
A54: =IF(OR(ISBLANK(S54),ISBLANK(T54)),1,0) -> 1 | C54: 32 | D54: D4 | E54: Group | F54: Group D | G54: =R54 -> Türkiye | H54: =AN54 -> 2.30771 | J54: Draw | K54: =AO54 -> 4.0031213 | M54: =U54 -> Paraguay | N54: =AP54 -> 3.1584591 | P54: 46193 | Q54: 0.25 | R54: =U52 -> Türkiye | U54: =U51 -> Paraguay | W54: =BA54 -> 1 | X54: =INDEX(BE51:BE54,MATCH(BC54,$BD51:$BD54,0)) -> Türkiye | Y54: =INDEX(BF51:BF54,MATCH(BC54,$BD51:$BD54,0)) -> 0 | Z54: =INDEX(BG51:BG54,MATCH(BC54,$BD51:$BD54,0)) -> 0 | AA54: =INDEX(BH51:BH54,MATCH(BC54,$BD51:$BD54,0)) -> 0 | AB54: =INDEX(BI51:BI54,MATCH(BC54,$BD51:$BD54,0)) -> 0 | AE54: =R54 -> Türkiye | AF54: =U54 -> Paraguay | AG54: =_xlfn.XLOOKUP(AE54,'FIFA rankings'!$B:$B,'FIFA rankings'!$D:$D) -> 1599.04 | AH54: =_xlfn.XLOOKUP(AF54,'FIFA rankings'!$B:$B,'FIFA rankings'!$D:$D) -> 1503.5 | AI54: =IFERROR(AG54-AH54,"n.a.") -> 95.54 | AK54: =IFERROR($AI$7*POWER(10,$AI54/$AI$6),"n.a.") -> 1.5353958 | AL54: =IFERROR($AI$7*POWER(10,-$AI54/$AI$6),"n.a.") -> 1.2765438 | AN54: {=1/SUMPRODUCT(_xlfn.POISSON.DIST(ROW($1:$8)-1,$AK54,FALSE)*_xlfn.POISSON.DIST(TRANSPOSE(ROW($1:$8)-1),$AL54,FALSE)*((ROW($1:$8)-1)>(TRANSPOSE(ROW($1:$8)-1))))} -> 2.30771 | AO54: {=1/SUMPRODUCT(_xlfn.POISSON.DIST(ROW($1:$8)-1,$AK54,FALSE)*_xlfn.POISSON.DIST(TRANSPOSE(ROW($1:$8)-1),$AL54,FALSE)*((ROW($1:$8)-1)=(TRANSPOSE(ROW($1:$8)-1))))} -> 4.0031213 | AP54: {=1/SUMPRODUCT(_xlfn.POISSON.DIST(ROW($1:$8)-1,$AK54,FALSE)*_xlfn.POISSON.DIST(TRANSPOSE(ROW($1:$8)-1),$AL54,FALSE)*((ROW($1:$8)-1)<(TRANSPOSE(ROW($1:$8)-1))))} -> 3.1584591 | AS54: =1-SUM(1/AN54,1/AO54,1/AP54) -> 0.00025483831 | BA54: =IF(ROUND(BC54,0)=ROUND(BC53,0),BA53,4) -> 1 | BB54: =ROUND(BC54,0) -> 2 | BC54: =MAX(BD51:BD54) -> 2.48 | BD54: =SUM(BV54:BY54)+2.48 -> 2.48 | BE54: =U52 -> Türkiye | BF54: =SUM(BJ54:BM54) -> 0 | BG54: =T52+S54+S55 -> 0 | BH54: =S52+T54+T55 -> 0 | BI54: =BG54-BH54 -> 0 | BJ54: =IF(ISBLANK(S55),0,IF(BM51=3,0,IF(BM51=1,1,3))) -> 0 | BK54: =IF(ISBLANK(S54),0,IF(BM52=3,0,IF(BM52=1,1,3))) -> 0 | BL54: =IF(ISBLANK(T52),0,IF(BM53=3,0,IF(BM53=1,1,3))) -> 0 | BM54: x | BN54: =10*(BI51-BI54)+BG51-BG54<0 -> FALSE | BO54: =10*(BI52-BI54)+BG52-BG54<0 -> FALSE | BP54: =10*(BI53-BI54)+BG53-BG54<0 -> FALSE | BQ54: x | BR54: x | BS54: =10000*(BJ54+BK54)+(S54-T54+S55-T55)*100+(S54+S55) -> 0 | BT54: =10000*(BJ54+BL54)+(S55-T55+T52-S52)*100+(S55+T52) -> 0 | BU54: =10000*(BK54+BL54)+(S54-T54+T52-S52)*100+(S54+T52) -> 0 | BV54: =-BY51 -> 0 | BW54: =-BY52 -> 0 | BX54: =-BY53 -> 0 | BY54: x | CO54: x
A55: =IF(OR(ISBLANK(S55),ISBLANK(T55)),1,0) -> 1 | C55: 59 | E55: Group | F55: Group D | G55: =R55 -> Türkiye | H55: =AN55 -> 3.038902 | J55: Draw | K55: =AO55 -> 3.9841061 | M55: =U55 -> USA | N55: =AP55 -> 2.3826627 | P55: 46199 | Q55: 0.16666667 | R55: =U52 -> Türkiye | U55: =R51 -> USA | X55: =IF(OR(W53<3,W52<2),"TIRAGE AU SORT !!!"," ") -> TIRAGE AU SORT !!! | AE55: =R55 -> Türkiye | AF55: =U55 -> USA | AG55: =_xlfn.XLOOKUP(AE55,'FIFA rankings'!$B:$B,'FIFA rankings'!$D:$D) -> 1599.04 | AH55: =_xlfn.XLOOKUP(AF55,'FIFA rankings'!$B:$B,'FIFA rankings'!$D:$D) -> 1673.13 | AI55: =IFERROR(AG55-AH55,"n.a.") -> -74.09 | AK55: =IFERROR($AI$7*POWER(10,$AI55/$AI$6),"n.a.") -> 1.3032777 | AL55: =IFERROR($AI$7*POWER(10,-$AI55/$AI$6),"n.a.") -> 1.5039005 | AN55: {=1/SUMPRODUCT(_xlfn.POISSON.DIST(ROW($1:$8)-1,$AK55,FALSE)*_xlfn.POISSON.DIST(TRANSPOSE(ROW($1:$8)-1),$AL55,FALSE)*((ROW($1:$8)-1)>(TRANSPOSE(ROW($1:$8)-1))))} -> 3.038902 | AO55: {=1/SUMPRODUCT(_xlfn.POISSON.DIST(ROW($1:$8)-1,$AK55,FALSE)*_xlfn.POISSON.DIST(TRANSPOSE(ROW($1:$8)-1),$AL55,FALSE)*((ROW($1:$8)-1)=(TRANSPOSE(ROW($1:$8)-1))))} -> 3.9841061 | AP55: {=1/SUMPRODUCT(_xlfn.POISSON.DIST(ROW($1:$8)-1,$AK55,FALSE)*_xlfn.POISSON.DIST(TRANSPOSE(ROW($1:$8)-1),$AL55,FALSE)*((ROW($1:$8)-1)<(TRANSPOSE(ROW($1:$8)-1))))} -> 2.3826627 | AS55: =1-SUM(1/AN55,1/AO55,1/AP55) -> 0.00023791993
A56: =IF(OR(ISBLANK(S56),ISBLANK(T56)),1,0) -> 1 | C56: 60 | E56: Group | F56: Group D | G56: =R56 -> Paraguay | H56: =AN56 -> 3.0556219 | J56: Draw | K56: =AO56 -> 3.9865351 | M56: =U56 -> Australia | N56: =AP56 -> 2.3716357 | P56: 46199 | Q56: 0.16666667 | R56: =U51 -> Paraguay | U56: =R52 -> Australia | AE56: =R56 -> Paraguay | AF56: =U56 -> Australia | AG56: =_xlfn.XLOOKUP(AE56,'FIFA rankings'!$B:$B,'FIFA rankings'!$D:$D) -> 1503.5 | AH56: =_xlfn.XLOOKUP(AF56,'FIFA rankings'!$B:$B,'FIFA rankings'!$D:$D) -> 1580.67 | AI56: =IFERROR(AG56-AH56,"n.a.") -> -77.17 | AK56: =IFERROR($AI$7*POWER(10,$AI56/$AI$6),"n.a.") -> 1.2994049 | AL56: =IFERROR($AI$7*POWER(10,-$AI56/$AI$6),"n.a.") -> 1.5083828 | AN56: {=1/SUMPRODUCT(_xlfn.POISSON.DIST(ROW($1:$8)-1,$AK56,FALSE)*_xlfn.POISSON.DIST(TRANSPOSE(ROW($1:$8)-1),$AL56,FALSE)*((ROW($1:$8)-1)>(TRANSPOSE(ROW($1:$8)-1))))} -> 3.0556219 | AO56: {=1/SUMPRODUCT(_xlfn.POISSON.DIST(ROW($1:$8)-1,$AK56,FALSE)*_xlfn.POISSON.DIST(TRANSPOSE(ROW($1:$8)-1),$AL56,FALSE)*((ROW($1:$8)-1)=(TRANSPOSE(ROW($1:$8)-1))))} -> 3.9865351 | AP56: {=1/SUMPRODUCT(_xlfn.POISSON.DIST(ROW($1:$8)-1,$AK56,FALSE)*_xlfn.POISSON.DIST(TRANSPOSE(ROW($1:$8)-1),$AL56,FALSE)*((ROW($1:$8)-1)<(TRANSPOSE(ROW($1:$8)-1))))} -> 2.3716357 | AS56: =1-SUM(1/AN56,1/AO56,1/AP56) -> 0.00024006572
F58: Group E | G58: =$F58 & " / Odds" -> Group E / Odds | P58: =$F58 & " / Results" -> Group E / Results | X58: =X50 -> Ranking | Y58: Pts | Z58: GF | AA58: GA | AB58: ="+/-" -> +/- | BD58: Rank | BE58: Team | BF58: Pts | BG58: GF | BH58: GA | BI58: GD | BJ58: Ag1 | BK58: Ag2 | BL58: Ag3 | BM58: Ag4 | BN58: Sp1 | BO58: Sp2 | BP58: Sp3 | BQ58: Sp4 | BR58: T123 | BS58: T124 | BT58: T134 | BU58: T234 | BV58: Rk1 | BW58: Rk2 | BX58: Rk3 | BY58: Rk4 | BZ58: T1234 | CA58: T123 | CB58: T124 | CC58: T134 | CD58: T234 | CE58: T12 | CF58: T13 | CG58: T14 | CH58: T23 | CI58: T24 | CJ58: T34 | CK58: NoT | CL58: sRk1 | CM58: sRk2 | CN58: sRk3 | CO58: sRk4
A59: =IF(OR(ISBLANK(S59),ISBLANK(T59)),1,0) -> 1 | C59: 9 | D59: E1 | E59: Group | F59: Group E | G59: =R59 -> Germany | H59: =AN59 -> 1.537195 | J59: Draw | K59: =AO59 -> 5.0884789 | M59: =U59 -> Curaçao | N59: =AP59 -> 6.6093502 | P59: 46187 | Q59: 0.79166667 | R59: Germany | U59: Curaçao | W59: =BA59 -> 1 | X59: =INDEX(BE59:BE62,MATCH(BC59,$BD59:$BD62,0)) -> Germany | Y59: =INDEX(BF59:BF62,MATCH(BC59,$BD59:$BD62,0)) -> 0 | Z59: =INDEX(BG59:BG62,MATCH(BC59,$BD59:$BD62,0)) -> 0 | AA59: =INDEX(BH59:BH62,MATCH(BC59,$BD59:$BD62,0)) -> 0 | AB59: =INDEX(BI59:BI62,MATCH(BC59,$BD59:$BD62,0)) -> 0 | AE59: =R59 -> Germany | AF59: =U59 -> Curaçao | AG59: =_xlfn.XLOOKUP(AE59,'FIFA rankings'!$B:$B,'FIFA rankings'!$D:$D) -> 1730.37 | AH59: =_xlfn.XLOOKUP(AF59,'FIFA rankings'!$B:$B,'FIFA rankings'!$D:$D) -> 1294.65 | AI59: =IFERROR(AG59-AH59,"n.a.") -> 435.72 | AK59: =IFERROR($AI$7*POWER(10,$AI59/$AI$6),"n.a.") -> 2.1329132 | AL59: =IFERROR($AI$7*POWER(10,-$AI59/$AI$6),"n.a.") -> 0.91893096 | AN59: {=1/SUMPRODUCT(_xlfn.POISSON.DIST(ROW($1:$8)-1,$AK59,FALSE)*_xlfn.POISSON.DIST(TRANSPOSE(ROW($1:$8)-1),$AL59,FALSE)*((ROW($1:$8)-1)>(TRANSPOSE(ROW($1:$8)-1))))} -> 1.537195 | AO59: {=1/SUMPRODUCT(_xlfn.POISSON.DIST(ROW($1:$8)-1,$AK59,FALSE)*_xlfn.POISSON.DIST(TRANSPOSE(ROW($1:$8)-1),$AL59,FALSE)*((ROW($1:$8)-1)=(TRANSPOSE(ROW($1:$8)-1))))} -> 5.0884789 | AP59: {=1/SUMPRODUCT(_xlfn.POISSON.DIST(ROW($1:$8)-1,$AK59,FALSE)*_xlfn.POISSON.DIST(TRANSPOSE(ROW($1:$8)-1),$AL59,FALSE)*((ROW($1:$8)-1)<(TRANSPOSE(ROW($1:$8)-1))))} -> 6.6093502 | AS59: =1-SUM(1/AN59,1/AO59,1/AP59) -> 0.001641279 | BA59: 1 | BB59: =ROUND(BC59,0) -> 2 | BC59: =MIN(BD59:BD62) -> 2.45 | BD59: =SUM(BV59:BY59)+2.45 -> 2.45 | BE59: =R59 -> Germany | BF59: =SUM(BJ59:BM59) -> 0 | BG59: =S59+S61+T63 -> 0 | BH59: =T59+T61+S63 -> 0 | BI59: =BG59-BH59 -> 0 | BJ59: x | BK59: =IF(ISBLANK(S59),0,IF(S59>T59,3,IF(S59=T59,1,0))) -> 0 | BL59: =IF(ISBLANK(S61),0,IF(S61>T61,3,IF(S61=T61,1,0))) -> 0 | BM59: =IF(ISBLANK(T63),0,IF(T63>S63,3,IF(T63=S63,1,0))) -> 0 | BN59: x | BO59: =(10*(BI59-BI60)+BG59-BG60>0) -> FALSE | BP59: =10*(BI59-BI61)+BG59-BG61>0 -> FALSE | BQ59: =10*(BI59-BI62)+BG59-BG62>0 -> FALSE | BR59: =10000*(BK59+BL59)+(S61-T61+S59-T59)*100+(S61+S59) -> 0 | BS59: =10000*(BK59+BM59)+(S59-T59+T63-S63)*100+(S59+T63) -> 0 | BT59: =10000*(BL59+BM59)+(T63-S63+S61-T61)*100+(T63+S61) -> 0 | BU59: x | BV59: x | BW59: =IF($BF59>$BF60,-0.5,IF($BF60>$BF59,0.5,IF(BO59,-0.5,IF(BN60,0.5,CM59)))) -> 0 | BX59: =IF($BF59>$BF61,-0.5,IF($BF61>$BF59,0.5,IF(BP59,-0.5,IF(BN61,0.5,CN59)))) -> 0 | BY59: =IF($BF59>$BF62,-0.5,IF($BF62>$BF59,0.5,IF(BQ59,-0.5,IF(BN62,0.5,CO59)))) -> 0 | BZ59: =AND(AND(BF59=BF60,BF60=BF61,BF61=BF62),AND(BG59=BG60,BG60=BG61,BG61=BG62),AND(BH59=BH60,BH60=BH61,BH61=BH62)) -> TRUE | CA59: =AND(NOT(BZ59),BF59=BF60,BF59=BF61,BG59=BG60,BG59=BG61,BH59=BH60,BH59=BH61) -> FALSE | CB59: =AND(NOT(BZ59),BF59=BF60,BF59=BF62,BG59=BG60,BG59=BG62,BH59=BH60,BH59=BH62) -> FALSE | CC59: =AND(NOT(BZ59),BF59=BF61,BF59=BF62,BG59=BG61,BG59=BG62,BH59=BH61,BH59=BH62) -> FALSE | CD59: =AND(NOT(BZ59),BF60=BF61,BF60=BF62,BG60=BG61,BG60=BG62,BH60=BH61,BH60=BH62) -> FALSE | CE59: =AND(NOT(BZ59),NOT(CA59),NOT(CB59),BF59=BF60,BG59=BG60,BH59=BH60) -> FALSE | CF59: =AND(NOT(BZ59),NOT(CA59),NOT(CC59),BF59=BF61,BG59=BG61,BH59=BH61) -> FALSE | CG59: =AND(NOT(BZ59),NOT(CB59),NOT(CC59),BF59=BF62,BG59=BG62,BH59=BH62) -> FALSE | CH59: =AND(NOT(BZ59),NOT(CA59),NOT(CD59),BF60=BF61,BG60=BG61) -> FALSE | CI59: =AND(NOT(BZ59),NOT(CB59),NOT(CD59),BF60=BF62,BG60=BG62,BH60=BH62) -> FALSE | CJ59: =AND(NOT(BZ59),NOT(CC59),NOT(CD59),BF61=BF62,BG61=BG62,BH61=BH62) -> FALSE | CK59: {=AND(NOT(BZ59:CJ59))} -> FALSE | CL59: x | CM59: =IF($CE59,IF(T59-S59<0,-0.5,IF(S59-T59<0,0.5,0)),IF($CA59,IF($BR59>$BR60,-0.5,IF($BR59<$BR60,0.5,0)),IF($CB59,IF($BS59>$BS60,-0.5, IF($BS59<$BS60,0.5,0)),0))) -> 0 | CN59: =IF($CF59,IF(T61-S61<0,-0.5,IF(S61-T61<0,0.5,0)),IF($CA59,IF($BR59>$BR61,-0.5,IF($BR59<$BR61,0.5,0)),IF($CC59,IF($BT59>$BT61,-0.5,IF($BT59<$BT61,0.5,0)),0))) -> 0 | CO59: =IF($CG59,IF(S63-T63<0,-0.5,IF(T63-S63<0,0.5,0)),IF($CB59,IF($BS59>$BS62,-0.5,IF($BS59<$BS62,0.5,0)),IF($CC59,IF($BT59>$BT62,-0.5, IF($BT59<$BT62,0.5,0)),0))) -> 0
A60: =IF(OR(ISBLANK(S60),ISBLANK(T60)),1,0) -> 1 | C60: 10 | D60: E2 | E60: Group | F60: Group E | G60: =R60 -> Côte d'Ivoire | H60: =AN60 -> 2.9736233 | J60: Draw | K60: =AO60 -> 3.975412 | M60: =U60 -> Ecuador | N60: =AP60 -> 2.4275769 | P60: 46188 | Q60: 0.041666667 | R60: Côte d'Ivoire | U60: Ecuador | W60: =BA60 -> 1 | X60: =INDEX(BE59:BE62,MATCH(BC60,$BD59:$BD62,0)) -> Curaçao | Y60: =INDEX(BF59:BF62,MATCH(BC60,$BD59:$BD62,0)) -> 0 | Z60: =INDEX(BG59:BG62,MATCH(BC60,$BD59:$BD62,0)) -> 0 | AA60: =INDEX(BH59:BH62,MATCH(BC60,$BD59:$BD62,0)) -> 0 | AB60: =INDEX(BI59:BI62,MATCH(BC60,$BD59:$BD62,0)) -> 0 | AE60: =R60 -> Côte d'Ivoire | AF60: =U60 -> Ecuador | AG60: =_xlfn.XLOOKUP(AE60,'FIFA rankings'!$B:$B,'FIFA rankings'!$D:$D) -> 1532.98 | AH60: =_xlfn.XLOOKUP(AF60,'FIFA rankings'!$B:$B,'FIFA rankings'!$D:$D) -> 1594.78 | AI60: =IFERROR(AG60-AH60,"n.a.") -> -61.8 | AK60: =IFERROR($AI$7*POWER(10,$AI60/$AI$6),"n.a.") -> 1.3188468 | AL60: =IFERROR($AI$7*POWER(10,-$AI60/$AI$6),"n.a.") -> 1.4861469 | AN60: {=1/SUMPRODUCT(_xlfn.POISSON.DIST(ROW($1:$8)-1,$AK60,FALSE)*_xlfn.POISSON.DIST(TRANSPOSE(ROW($1:$8)-1),$AL60,FALSE)*((ROW($1:$8)-1)>(TRANSPOSE(ROW($1:$8)-1))))} -> 2.9736233 | AO60: {=1/SUMPRODUCT(_xlfn.POISSON.DIST(ROW($1:$8)-1,$AK60,FALSE)*_xlfn.POISSON.DIST(TRANSPOSE(ROW($1:$8)-1),$AL60,FALSE)*((ROW($1:$8)-1)=(TRANSPOSE(ROW($1:$8)-1))))} -> 3.975412 | AP60: {=1/SUMPRODUCT(_xlfn.POISSON.DIST(ROW($1:$8)-1,$AK60,FALSE)*_xlfn.POISSON.DIST(TRANSPOSE(ROW($1:$8)-1),$AL60,FALSE)*((ROW($1:$8)-1)<(TRANSPOSE(ROW($1:$8)-1))))} -> 2.4275769 | AS60: =1-SUM(1/AN60,1/AO60,1/AP60) -> 0.00023027676 | BA60: =IF(ROUND(BC60,0)=ROUND(BC59,0),BA59,2) -> 1 | BB60: =ROUND(BC60,0) -> 2 | BC60: =MAX(MIN(BD59:BD61),MIN(BD59,BD60,BD62),MIN(BD59,BD61,BD62),MIN(BD60:BD62)) -> 2.46 | BD60: =SUM(BV60:BY60)+2.46 -> 2.46 | BE60: =U59 -> Curaçao | BF60: =SUM(BJ60:BM60) -> 0 | BG60: =T59+T62+S64 -> 0 | BH60: =S59+S62+T64 -> 0 | BI60: =BG60-BH60 -> 0 | BJ60: =IF(ISBLANK(T59),0,IF(BK59=3,0,IF(BK59=1,1,3))) -> 0 | BK60: x | BL60: =IF(ISBLANK(S64),0,IF(BK61=3,0,IF(BK61=1,1,3))) -> 0 | BM60: =IF(ISBLANK(T62),0,IF(T62>S62,3,IF(T62=S62,1,0))) -> 0 | BN60: =(10*(BI59-BI60)+BG59-BG60<0) -> FALSE | BO60: x | BP60: =10*(BI60-BI61)+BG60-BG61>0 -> FALSE | BQ60: =10*(BI60-BI62)+BG60-BG62>0 -> FALSE | BR60: =10000*(BJ60+BL60)+(T59-S59+S64-T64)*100+(T59+S64) -> 0 | BS60: =10000*(BJ60+BM60)+(T59-S59+T62-S62)*100+(T59+T62) -> 0 | BT60: x | BU60: =10000*(BL60+BM60)+(T62-S62+S64-T64)*100+(T62+S64) -> 0 | BV60: =-BW59 -> 0 | BW60: x | BX60: =IF($BF60>$BF61,-0.5,IF($BF61>$BF60,0.5,IF(BP60,-0.5,IF(BO61,0.5,CN60)))) -> 0 | BY60: =IF($BF60>$BF62,-0.5,IF($BF62>$BF60,0.5,IF(BQ60,-0.5,IF(BO62,0.5,CO60)))) -> 0 | CM60: x | CN60: =IF($CH59,IF(T64-S64<0,-0.5,IF(S64-T64<0,0.5,0)),IF($CA59,IF($BR60>$BR61,-0.5,IF($BR60<$BR61,0.5,0)),IF($CD59,IF($BU60>$BU61,-0.5,IF($BU60<$BU61,0.5,0)),0))) -> 0 | CO60: =IF($CI59,IF(S62-T62<0,-0.5,IF(T62-S62<0,0.5,0)),IF($CB59,IF($BS60>$BS62,-0.5,IF($BS60<$BS62,0.5,0)),IF($CD59,IF($BU60>$BU62,-0.5,IF($BU60<$BU62,0.5,0)),0))) -> 0
A61: =IF(OR(ISBLANK(S61),ISBLANK(T61)),1,0) -> 1 | C61: 33 | D61: E3 | E61: Group | F61: Group E | G61: =R61 -> Germany | H61: =AN61 -> 2.0040582 | J61: Draw | K61: =AO61 -> 4.1629249 | M61: =U61 -> Côte d'Ivoire | N61: =AP61 -> 3.8404086 | P61: 46193 | Q61: 0.91666667 | R61: =R59 -> Germany | U61: =R60 -> Côte d'Ivoire | W61: =BA61 -> 1 | X61: =INDEX(BE59:BE62,MATCH(BC61,$BD59:$BD62,0)) -> Côte d'Ivoire | Y61: =INDEX(BF59:BF62,MATCH(BC61,$BD59:$BD62,0)) -> 0 | Z61: =INDEX(BG59:BG62,MATCH(BC61,$BD59:$BD62,0)) -> 0 | AA61: =INDEX(BH59:BH62,MATCH(BC61,$BD59:$BD62,0)) -> 0 | AB61: =INDEX(BI59:BI62,MATCH(BC61,$BD59:$BD62,0)) -> 0 | AE61: =R61 -> Germany | AF61: =U61 -> Côte d'Ivoire | AG61: =_xlfn.XLOOKUP(AE61,'FIFA rankings'!$B:$B,'FIFA rankings'!$D:$D) -> 1730.37 | AH61: =_xlfn.XLOOKUP(AF61,'FIFA rankings'!$B:$B,'FIFA rankings'!$D:$D) -> 1532.98 | AI61: =IFERROR(AG61-AH61,"n.a.") -> 197.39 | AK61: =IFERROR($AI$7*POWER(10,$AI61/$AI$6),"n.a.") -> 1.6941841 | AL61: =IFERROR($AI$7*POWER(10,-$AI61/$AI$6),"n.a.") -> 1.1568991 | AN61: {=1/SUMPRODUCT(_xlfn.POISSON.DIST(ROW($1:$8)-1,$AK61,FALSE)*_xlfn.POISSON.DIST(TRANSPOSE(ROW($1:$8)-1),$AL61,FALSE)*((ROW($1:$8)-1)>(TRANSPOSE(ROW($1:$8)-1))))} -> 2.0040582 | AO61: {=1/SUMPRODUCT(_xlfn.POISSON.DIST(ROW($1:$8)-1,$AK61,FALSE)*_xlfn.POISSON.DIST(TRANSPOSE(ROW($1:$8)-1),$AL61,FALSE)*((ROW($1:$8)-1)=(TRANSPOSE(ROW($1:$8)-1))))} -> 4.1629249 | AP61: {=1/SUMPRODUCT(_xlfn.POISSON.DIST(ROW($1:$8)-1,$AK61,FALSE)*_xlfn.POISSON.DIST(TRANSPOSE(ROW($1:$8)-1),$AL61,FALSE)*((ROW($1:$8)-1)<(TRANSPOSE(ROW($1:$8)-1))))} -> 3.8404086 | AS61: =1-SUM(1/AN61,1/AO61,1/AP61) -> 0.00040781007 | BA61: =IF(ROUND(BC61,0)=ROUND(BC60,0),BA60,3) -> 1 | BB61: =ROUND(BC61,0) -> 2 | BC61: =MIN(MAX(BD59:BD61),MAX(BD59,BD60,BD62),MAX(BD59,BD61,BD62),MAX(BD60:BD62)) -> 2.47 | BD61: =SUM(BV61:BY61)+2.47 -> 2.47 | BE61: =R60 -> Côte d'Ivoire | BF61: =SUM(BJ61:BM61) -> 0 | BG61: =S60+T61+T64 -> 0 | BH61: =T60+S61+S64 -> 0 | BI61: =BG61-BH61 -> 0 | BJ61: =IF(ISBLANK(T61),0,IF(BL59=3,0,IF(BL59=1,1,3))) -> 0 | BK61: =IF(ISBLANK(T64),0,IF(T64>S64,3,IF(T64=S64,1,0))) -> 0 | BL61: x | BM61: =IF(ISBLANK(S60),0,IF(S60>T60,3,IF(S60=T60,1,0))) -> 0 | BN61: =10*(BI59-BI61)+BG59-BG61<0 -> FALSE | BO61: =10*(BI60-BI61)+BG60-BG61<0 -> FALSE | BP61: x | BQ61: =10*(BI61-BI62)+BG61-BG62>0 -> FALSE | BR61: =10000*(BJ61+BK61)+(T61-S61+T64-S64)*100+(T61+T64) -> 0 | BS61: x | BT61: =10000*(BJ61+BM61)+(S60-T60+T61-S61)*100+(S60+T61) -> 0 | BU61: =10000*(BK61+BM61)+(S60-T60+T64-S64)*100+(S60+T64) -> 0 | BV61: =-BX59 -> 0 | BW61: =-BX60 -> 0 | BX61: x | BY61: =IF($BF61>$BF62,-0.5,IF($BF62>$BF61,0.5,IF(BQ61,-0.5,IF(BP62,0.5,CO61)))) -> 0 | CN61: x | CO61: =IF($CJ59,IF(T60-S60<0,-0.5,IF(S60-T60<0,0.5,0)),IF($CC59,IF($BT61>$BT62,-0.5,IF($BT61<$BT62,0.5,0)),IF($CD59,IF($BU61>$BU62,-0.5,IF($BU61<$BU62,0.5,0)),0))) -> 0
A62: =IF(OR(ISBLANK(S62),ISBLANK(T62)),1,0) -> 1 | C62: 34 | D62: E4 | E62: Group | F62: Group E | G62: =R62 -> Ecuador | H62: =AN62 -> 1.7683774 | J62: Draw | K62: =AO62 -> 4.4535606 | M62: =U62 -> Curaçao | N62: =AP62 -> 4.7792767 | P62: 46194 | Q62: 0.083333333 | R62: =U60 -> Ecuador | U62: =U59 -> Curaçao | W62: =BA62 -> 1 | X62: =INDEX(BE59:BE62,MATCH(BC62,$BD59:$BD62,0)) -> Ecuador | Y62: =INDEX(BF59:BF62,MATCH(BC62,$BD59:$BD62,0)) -> 0 | Z62: =INDEX(BG59:BG62,MATCH(BC62,$BD59:$BD62,0)) -> 0 | AA62: =INDEX(BH59:BH62,MATCH(BC62,$BD59:$BD62,0)) -> 0 | AB62: =INDEX(BI59:BI62,MATCH(BC62,$BD59:$BD62,0)) -> 0 | AE62: =R62 -> Ecuador | AF62: =U62 -> Curaçao | AG62: =_xlfn.XLOOKUP(AE62,'FIFA rankings'!$B:$B,'FIFA rankings'!$D:$D) -> 1594.78 | AH62: =_xlfn.XLOOKUP(AF62,'FIFA rankings'!$B:$B,'FIFA rankings'!$D:$D) -> 1294.65 | AI62: =IFERROR(AG62-AH62,"n.a.") -> 300.13 | AK62: =IFERROR($AI$7*POWER(10,$AI62/$AI$6),"n.a.") -> 1.8710023 | AL62: =IFERROR($AI$7*POWER(10,-$AI62/$AI$6),"n.a.") -> 1.0475669 | AN62: {=1/SUMPRODUCT(_xlfn.POISSON.DIST(ROW($1:$8)-1,$AK62,FALSE)*_xlfn.POISSON.DIST(TRANSPOSE(ROW($1:$8)-1),$AL62,FALSE)*((ROW($1:$8)-1)>(TRANSPOSE(ROW($1:$8)-1))))} -> 1.7683774 | AO62: {=1/SUMPRODUCT(_xlfn.POISSON.DIST(ROW($1:$8)-1,$AK62,FALSE)*_xlfn.POISSON.DIST(TRANSPOSE(ROW($1:$8)-1),$AL62,FALSE)*((ROW($1:$8)-1)=(TRANSPOSE(ROW($1:$8)-1))))} -> 4.4535606 | AP62: {=1/SUMPRODUCT(_xlfn.POISSON.DIST(ROW($1:$8)-1,$AK62,FALSE)*_xlfn.POISSON.DIST(TRANSPOSE(ROW($1:$8)-1),$AL62,FALSE)*((ROW($1:$8)-1)<(TRANSPOSE(ROW($1:$8)-1))))} -> 4.7792767 | AS62: =1-SUM(1/AN62,1/AO62,1/AP62) -> 0.00073371928 | BA62: =IF(ROUND(BC62,0)=ROUND(BC61,0),BA61,4) -> 1 | BB62: =ROUND(BC62,0) -> 2 | BC62: =MAX(BD59:BD62) -> 2.48 | BD62: =SUM(BV62:BY62)+2.48 -> 2.48 | BE62: =U60 -> Ecuador | BF62: =SUM(BJ62:BM62) -> 0 | BG62: =T60+S62+S63 -> 0 | BH62: =S60+T62+T63 -> 0 | BI62: =BG62-BH62 -> 0 | BJ62: =IF(ISBLANK(S63),0,IF(BM59=3,0,IF(BM59=1,1,3))) -> 0 | BK62: =IF(ISBLANK(S62),0,IF(BM60=3,0,IF(BM60=1,1,3))) -> 0 | BL62: =IF(ISBLANK(T60),0,IF(BM61=3,0,IF(BM61=1,1,3))) -> 0 | BM62: x | BN62: =10*(BI59-BI62)+BG59-BG62<0 -> FALSE | BO62: =10*(BI60-BI62)+BG60-BG62<0 -> FALSE | BP62: =10*(BI61-BI62)+BG61-BG62<0 -> FALSE | BQ62: x | BR62: x | BS62: =10000*(BJ62+BK62)+(S62-T62+S63-T63)*100+(S62+S63) -> 0 | BT62: =10000*(BJ62+BL62)+(S63-T63+T60-S60)*100+(S63+T60) -> 0 | BU62: =10000*(BK62+BL62)+(S62-T62+T60-S60)*100+(S62+T60) -> 0 | BV62: =-BY59 -> 0 | BW62: =-BY60 -> 0 | BX62: =-BY61 -> 0 | BY62: x | CO62: x
A63: =IF(OR(ISBLANK(S63),ISBLANK(T63)),1,0) -> 1 | C63: 55 | E63: Group | F63: Group E | G63: =R63 -> Ecuador | H63: =AN63 -> 3.4024979 | J63: Draw | K63: =AO63 -> 4.0519566 | M63: =U63 -> Germany | N63: =AP63 -> 2.1786285 | P63: 46198 | Q63: 0.91666667 | R63: =U60 -> Ecuador | U63: =R59 -> Germany | X63: =IF(OR(W61<3,W60<2),"TIRAGE AU SORT !!!"," ") -> TIRAGE AU SORT !!! | AE63: =R63 -> Ecuador | AF63: =U63 -> Germany | AG63: =_xlfn.XLOOKUP(AE63,'FIFA rankings'!$B:$B,'FIFA rankings'!$D:$D) -> 1594.78 | AH63: =_xlfn.XLOOKUP(AF63,'FIFA rankings'!$B:$B,'FIFA rankings'!$D:$D) -> 1730.37 | AI63: =IFERROR(AG63-AH63,"n.a.") -> -135.59 | AK63: =IFERROR($AI$7*POWER(10,$AI63/$AI$6),"n.a.") -> 1.2280871 | AL63: =IFERROR($AI$7*POWER(10,-$AI63/$AI$6),"n.a.") -> 1.595978 | AN63: {=1/SUMPRODUCT(_xlfn.POISSON.DIST(ROW($1:$8)-1,$AK63,FALSE)*_xlfn.POISSON.DIST(TRANSPOSE(ROW($1:$8)-1),$AL63,FALSE)*((ROW($1:$8)-1)>(TRANSPOSE(ROW($1:$8)-1))))} -> 3.4024979 | AO63: {=1/SUMPRODUCT(_xlfn.POISSON.DIST(ROW($1:$8)-1,$AK63,FALSE)*_xlfn.POISSON.DIST(TRANSPOSE(ROW($1:$8)-1),$AL63,FALSE)*((ROW($1:$8)-1)=(TRANSPOSE(ROW($1:$8)-1))))} -> 4.0519566 | AP63: {=1/SUMPRODUCT(_xlfn.POISSON.DIST(ROW($1:$8)-1,$AK63,FALSE)*_xlfn.POISSON.DIST(TRANSPOSE(ROW($1:$8)-1),$AL63,FALSE)*((ROW($1:$8)-1)<(TRANSPOSE(ROW($1:$8)-1))))} -> 2.1786285 | AS63: =1-SUM(1/AN63,1/AO63,1/AP63) -> 0.00029954976
A64: =IF(OR(ISBLANK(S64),ISBLANK(T64)),1,0) -> 1 | C64: 56 | E64: Group | F64: Group E | G64: =R64 -> Curaçao | H64: =AN64 -> 4.1789695 | J64: Draw | K64: =AO64 -> 4.2618729 | M64: =U64 -> Côte d'Ivoire | N64: =AP64 -> 1.902747 | P64: 46198 | Q64: 0.91666667 | R64: =U59 -> Curaçao | U64: =R60 -> Côte d'Ivoire | AE64: =R64 -> Curaçao | AF64: =U64 -> Côte d'Ivoire | AG64: =_xlfn.XLOOKUP(AE64,'FIFA rankings'!$B:$B,'FIFA rankings'!$D:$D) -> 1294.65 | AH64: =_xlfn.XLOOKUP(AF64,'FIFA rankings'!$B:$B,'FIFA rankings'!$D:$D) -> 1532.98 | AI64: =IFERROR(AG64-AH64,"n.a.") -> -238.33 | AK64: =IFERROR($AI$7*POWER(10,$AI64/$AI$6),"n.a.") -> 1.1120273 | AL64: =IFERROR($AI$7*POWER(10,-$AI64/$AI$6),"n.a.") -> 1.7625467 | AN64: {=1/SUMPRODUCT(_xlfn.POISSON.DIST(ROW($1:$8)-1,$AK64,FALSE)*_xlfn.POISSON.DIST(TRANSPOSE(ROW($1:$8)-1),$AL64,FALSE)*((ROW($1:$8)-1)>(TRANSPOSE(ROW($1:$8)-1))))} -> 4.1789695 | AO64: {=1/SUMPRODUCT(_xlfn.POISSON.DIST(ROW($1:$8)-1,$AK64,FALSE)*_xlfn.POISSON.DIST(TRANSPOSE(ROW($1:$8)-1),$AL64,FALSE)*((ROW($1:$8)-1)=(TRANSPOSE(ROW($1:$8)-1))))} -> 4.2618729 | AP64: {=1/SUMPRODUCT(_xlfn.POISSON.DIST(ROW($1:$8)-1,$AK64,FALSE)*_xlfn.POISSON.DIST(TRANSPOSE(ROW($1:$8)-1),$AL64,FALSE)*((ROW($1:$8)-1)<(TRANSPOSE(ROW($1:$8)-1))))} -> 1.902747 | AS64: =1-SUM(1/AN64,1/AO64,1/AP64) -> 0.00051199685
F66: Group F | G66: =$F66 & " / Odds" -> Group F / Odds | P66: =$F66 & " / Results" -> Group F / Results | X66: =X58 -> Ranking | Y66: Pts | Z66: GF | AA66: GA | AB66: ="+/-" -> +/- | BD66: Rank | BE66: Team | BF66: Pts | BG66: GF | BH66: GA | BI66: GD | BJ66: Ag1 | BK66: Ag2 | BL66: Ag3 | BM66: Ag4 | BN66: Sp1 | BO66: Sp2 | BP66: Sp3 | BQ66: Sp4 | BR66: T123 | BS66: T124 | BT66: T134 | BU66: T234 | BV66: Rk1 | BW66: Rk2 | BX66: Rk3 | BY66: Rk4 | BZ66: T1234 | CA66: T123 | CB66: T124 | CC66: T134 | CD66: T234 | CE66: T12 | CF66: T13 | CG66: T14 | CH66: T23 | CI66: T24 | CJ66: T34 | CK66: NoT | CL66: sRk1 | CM66: sRk2 | CN66: sRk3 | CO66: sRk4
A67: =IF(OR(ISBLANK(S67),ISBLANK(T67)),1,0) -> 1 | C67: 11 | D67: F1 | E67: Group | F67: Group F | G67: =R67 -> Netherlands | H67: =AN67 -> 2.3012741 | J67: Draw | K67: =AO67 -> 4.0050431 | M67: =U67 -> Japan | N67: =AP67 -> 3.169408 | P67: 46187 | Q67: 0.91666667 | R67: Netherlands | U67: Japan | W67: =BA67 -> 1 | X67: =INDEX(BE67:BE70,MATCH(BC67,$BD67:$BD70,0)) -> Netherlands | Y67: =INDEX(BF67:BF70,MATCH(BC67,$BD67:$BD70,0)) -> 0 | Z67: =INDEX(BG67:BG70,MATCH(BC67,$BD67:$BD70,0)) -> 0 | AA67: =INDEX(BH67:BH70,MATCH(BC67,$BD67:$BD70,0)) -> 0 | AB67: =INDEX(BI67:BI70,MATCH(BC67,$BD67:$BD70,0)) -> 0 | AE67: =R67 -> Netherlands | AF67: =U67 -> Japan | AG67: =_xlfn.XLOOKUP(AE67,'FIFA rankings'!$B:$B,'FIFA rankings'!$D:$D) -> 1757.87 | AH67: =_xlfn.XLOOKUP(AF67,'FIFA rankings'!$B:$B,'FIFA rankings'!$D:$D) -> 1660.43 | AI67: =IFERROR(AG67-AH67,"n.a.") -> 97.44 | AK67: =IFERROR($AI$7*POWER(10,$AI67/$AI$6),"n.a.") -> 1.5382172 | AL67: =IFERROR($AI$7*POWER(10,-$AI67/$AI$6),"n.a.") -> 1.2742023 | AN67: {=1/SUMPRODUCT(_xlfn.POISSON.DIST(ROW($1:$8)-1,$AK67,FALSE)*_xlfn.POISSON.DIST(TRANSPOSE(ROW($1:$8)-1),$AL67,FALSE)*((ROW($1:$8)-1)>(TRANSPOSE(ROW($1:$8)-1))))} -> 2.3012741 | AO67: {=1/SUMPRODUCT(_xlfn.POISSON.DIST(ROW($1:$8)-1,$AK67,FALSE)*_xlfn.POISSON.DIST(TRANSPOSE(ROW($1:$8)-1),$AL67,FALSE)*((ROW($1:$8)-1)=(TRANSPOSE(ROW($1:$8)-1))))} -> 4.0050431 | AP67: {=1/SUMPRODUCT(_xlfn.POISSON.DIST(ROW($1:$8)-1,$AK67,FALSE)*_xlfn.POISSON.DIST(TRANSPOSE(ROW($1:$8)-1),$AL67,FALSE)*((ROW($1:$8)-1)<(TRANSPOSE(ROW($1:$8)-1))))} -> 3.169408 | AS67: =1-SUM(1/AN67,1/AO67,1/AP67) -> 0.00025656357 | BA67: 1 | BB67: =ROUND(BC67,0) -> 2 | BC67: =MIN(BD67:BD70) -> 2.45 | BD67: =SUM(BV67:BY67)+2.45 -> 2.45 | BE67: =R67 -> Netherlands | BF67: =SUM(BJ67:BM67) -> 0 | BG67: =S67+S69+T71 -> 0 | BH67: =T67+T69+S71 -> 0 | BI67: =BG67-BH67 -> 0 | BJ67: x | BK67: =IF(ISBLANK(S67),0,IF(S67>T67,3,IF(S67=T67,1,0))) -> 0 | BL67: =IF(ISBLANK(S69),0,IF(S69>T69,3,IF(S69=T69,1,0))) -> 0 | BM67: =IF(ISBLANK(T71),0,IF(T71>S71,3,IF(T71=S71,1,0))) -> 0 | BN67: x | BO67: =(10*(BI67-BI68)+BG67-BG68>0) -> FALSE | BP67: =10*(BI67-BI69)+BG67-BG69>0 -> FALSE | BQ67: =10*(BI67-BI70)+BG67-BG70>0 -> FALSE | BR67: =10000*(BK67+BL67)+(S69-T69+S67-T67)*100+(S69+S67) -> 0 | BS67: =10000*(BK67+BM67)+(S67-T67+T71-S71)*100+(S67+T71) -> 0 | BT67: =10000*(BL67+BM67)+(T71-S71+S69-T69)*100+(T71+S69) -> 0 | BU67: x | BV67: x | BW67: =IF($BF67>$BF68,-0.5,IF($BF68>$BF67,0.5,IF(BO67,-0.5,IF(BN68,0.5,CM67)))) -> 0 | BX67: =IF($BF67>$BF69,-0.5,IF($BF69>$BF67,0.5,IF(BP67,-0.5,IF(BN69,0.5,CN67)))) -> 0 | BY67: =IF($BF67>$BF70,-0.5,IF($BF70>$BF67,0.5,IF(BQ67,-0.5,IF(BN70,0.5,CO67)))) -> 0 | BZ67: =AND(AND(BF67=BF68,BF68=BF69,BF69=BF70),AND(BG67=BG68,BG68=BG69,BG69=BG70),AND(BH67=BH68,BH68=BH69,BH69=BH70)) -> TRUE | CA67: =AND(NOT(BZ67),BF67=BF68,BF67=BF69,BG67=BG68,BG67=BG69,BH67=BH68,BH67=BH69) -> FALSE | CB67: =AND(NOT(BZ67),BF67=BF68,BF67=BF70,BG67=BG68,BG67=BG70,BH67=BH68,BH67=BH70) -> FALSE | CC67: =AND(NOT(BZ67),BF67=BF69,BF67=BF70,BG67=BG69,BG67=BG70,BH67=BH69,BH67=BH70) -> FALSE | CD67: =AND(NOT(BZ67),BF68=BF69,BF68=BF70,BG68=BG69,BG68=BG70,BH68=BH69,BH68=BH70) -> FALSE | CE67: =AND(NOT(BZ67),NOT(CA67),NOT(CB67),BF67=BF68,BG67=BG68,BH67=BH68) -> FALSE | CF67: =AND(NOT(BZ67),NOT(CA67),NOT(CC67),BF67=BF69,BG67=BG69,BH67=BH69) -> FALSE | CG67: =AND(NOT(BZ67),NOT(CB67),NOT(CC67),BF67=BF70,BG67=BG70,BH67=BH70) -> FALSE | CH67: =AND(NOT(BZ67),NOT(CA67),NOT(CD67),BF68=BF69,BG68=BG69) -> FALSE | CI67: =AND(NOT(BZ67),NOT(CB67),NOT(CD67),BF68=BF70,BG68=BG70,BH68=BH70) -> FALSE | CJ67: =AND(NOT(BZ67),NOT(CC67),NOT(CD67),BF69=BF70,BG69=BG70,BH69=BH70) -> FALSE | CK67: {=AND(NOT(BZ67:CJ67))} -> FALSE | CL67: x | CM67: =IF($CE67,IF(T67-S67<0,-0.5,IF(S67-T67<0,0.5,0)),IF($CA67,IF($BR67>$BR68,-0.5,IF($BR67<$BR68,0.5,0)),IF($CB67,IF($BS67>$BS68,-0.5, IF($BS67<$BS68,0.5,0)),0))) -> 0 | CN67: =IF($CF67,IF(T69-S69<0,-0.5,IF(S69-T69<0,0.5,0)),IF($CA67,IF($BR67>$BR69,-0.5,IF($BR67<$BR69,0.5,0)),IF($CC67,IF($BT67>$BT69,-0.5,IF($BT67<$BT69,0.5,0)),0))) -> 0 | CO67: =IF($CG67,IF(S71-T71<0,-0.5,IF(T71-S71<0,0.5,0)),IF($CB67,IF($BS67>$BS70,-0.5,IF($BS67<$BS70,0.5,0)),IF($CC67,IF($BT67>$BT70,-0.5, IF($BT67<$BT70,0.5,0)),0))) -> 0
A68: =IF(OR(ISBLANK(S68),ISBLANK(T68)),1,0) -> 1 | C68: 12 | D68: F2 | E68: Group | F68: Group F | G68: =R68 -> Sweden | H68: =AN68 -> 2.5439677 | J68: Draw | K68: =AO68 -> 3.9608158 | M68: =U68 -> Tunisia | N68: =AP68 -> 2.8230849 | P68: 46188 | Q68: 0.16666667 | R68: Sweden | U68: Tunisia | W68: =BA68 -> 1 | X68: =INDEX(BE67:BE70,MATCH(BC68,$BD67:$BD70,0)) -> Japan | Y68: =INDEX(BF67:BF70,MATCH(BC68,$BD67:$BD70,0)) -> 0 | Z68: =INDEX(BG67:BG70,MATCH(BC68,$BD67:$BD70,0)) -> 0 | AA68: =INDEX(BH67:BH70,MATCH(BC68,$BD67:$BD70,0)) -> 0 | AB68: =INDEX(BI67:BI70,MATCH(BC68,$BD67:$BD70,0)) -> 0 | AE68: =R68 -> Sweden | AF68: =U68 -> Tunisia | AG68: =_xlfn.XLOOKUP(AE68,'FIFA rankings'!$B:$B,'FIFA rankings'!$D:$D) -> 1514.77 | AH68: =_xlfn.XLOOKUP(AF68,'FIFA rankings'!$B:$B,'FIFA rankings'!$D:$D) -> 1483.05 | AI68: =IFERROR(AG68-AH68,"n.a.") -> 31.72 | AK68: =IFERROR($AI$7*POWER(10,$AI68/$AI$6),"n.a.") -> 1.4435738 | AL68: =IFERROR($AI$7*POWER(10,-$AI68/$AI$6),"n.a.") -> 1.3577415 | AN68: {=1/SUMPRODUCT(_xlfn.POISSON.DIST(ROW($1:$8)-1,$AK68,FALSE)*_xlfn.POISSON.DIST(TRANSPOSE(ROW($1:$8)-1),$AL68,FALSE)*((ROW($1:$8)-1)>(TRANSPOSE(ROW($1:$8)-1))))} -> 2.5439677 | AO68: {=1/SUMPRODUCT(_xlfn.POISSON.DIST(ROW($1:$8)-1,$AK68,FALSE)*_xlfn.POISSON.DIST(TRANSPOSE(ROW($1:$8)-1),$AL68,FALSE)*((ROW($1:$8)-1)=(TRANSPOSE(ROW($1:$8)-1))))} -> 3.9608158 | AP68: {=1/SUMPRODUCT(_xlfn.POISSON.DIST(ROW($1:$8)-1,$AK68,FALSE)*_xlfn.POISSON.DIST(TRANSPOSE(ROW($1:$8)-1),$AL68,FALSE)*((ROW($1:$8)-1)<(TRANSPOSE(ROW($1:$8)-1))))} -> 2.8230849 | AS68: =1-SUM(1/AN68,1/AO68,1/AP68) -> 0.0002175753 | BA68: =IF(ROUND(BC68,0)=ROUND(BC67,0),BA67,2) -> 1 | BB68: =ROUND(BC68,0) -> 2 | BC68: =MAX(MIN(BD67:BD69),MIN(BD67,BD68,BD70),MIN(BD67,BD69,BD70),MIN(BD68:BD70)) -> 2.46 | BD68: =SUM(BV68:BY68)+2.46 -> 2.46 | BE68: =U67 -> Japan | BF68: =SUM(BJ68:BM68) -> 0 | BG68: =T67+T70+S72 -> 0 | BH68: =S67+S70+T72 -> 0 | BI68: =BG68-BH68 -> 0 | BJ68: =IF(ISBLANK(T67),0,IF(BK67=3,0,IF(BK67=1,1,3))) -> 0 | BK68: x | BL68: =IF(ISBLANK(S72),0,IF(BK69=3,0,IF(BK69=1,1,3))) -> 0 | BM68: =IF(ISBLANK(T70),0,IF(T70>S70,3,IF(T70=S70,1,0))) -> 0 | BN68: =(10*(BI67-BI68)+BG67-BG68<0) -> FALSE | BO68: x | BP68: =10*(BI68-BI69)+BG68-BG69>0 -> FALSE | BQ68: =10*(BI68-BI70)+BG68-BG70>0 -> FALSE | BR68: =10000*(BJ68+BL68)+(T67-S67+S72-T72)*100+(T67+S72) -> 0 | BS68: =10000*(BJ68+BM68)+(T67-S67+T70-S70)*100+(T67+T70) -> 0 | BT68: x | BU68: =10000*(BL68+BM68)+(T70-S70+S72-T72)*100+(T70+S72) -> 0 | BV68: =-BW67 -> 0 | BW68: x | BX68: =IF($BF68>$BF69,-0.5,IF($BF69>$BF68,0.5,IF(BP68,-0.5,IF(BO69,0.5,CN68)))) -> 0 | BY68: =IF($BF68>$BF70,-0.5,IF($BF70>$BF68,0.5,IF(BQ68,-0.5,IF(BO70,0.5,CO68)))) -> 0 | CM68: x | CN68: =IF($CH67,IF(T72-S72<0,-0.5,IF(S72-T72<0,0.5,0)),IF($CA67,IF($BR68>$BR69,-0.5,IF($BR68<$BR69,0.5,0)),IF($CD67,IF($BU68>$BU69,-0.5,IF($BU68<$BU69,0.5,0)),0))) -> 0 | CO68: =IF($CI67,IF(S70-T70<0,-0.5,IF(T70-S70<0,0.5,0)),IF($CB67,IF($BS68>$BS70,-0.5,IF($BS68<$BS70,0.5,0)),IF($CD67,IF($BU68>$BU70,-0.5,IF($BU68<$BU70,0.5,0)),0))) -> 0
A69: =IF(OR(ISBLANK(S69),ISBLANK(T69)),1,0) -> 1 | C69: 35 | D69: F3 | E69: Group | F69: Group F | G69: =R69 -> Netherlands | H69: =AN69 -> 1.8916138 | J69: Draw | K69: =AO69 -> 4.2748009 | M69: =U69 -> Sweden | N69: =AP69 -> 4.2212669 | P69: 46193 | Q69: 0.79166667 | R69: =R67 -> Netherlands | U69: =R68 -> Sweden | W69: =BA69 -> 1 | X69: =INDEX(BE67:BE70,MATCH(BC69,$BD67:$BD70,0)) -> Sweden | Y69: =INDEX(BF67:BF70,MATCH(BC69,$BD67:$BD70,0)) -> 0 | Z69: =INDEX(BG67:BG70,MATCH(BC69,$BD67:$BD70,0)) -> 0 | AA69: =INDEX(BH67:BH70,MATCH(BC69,$BD67:$BD70,0)) -> 0 | AB69: =INDEX(BI67:BI70,MATCH(BC69,$BD67:$BD70,0)) -> 0 | AE69: =R69 -> Netherlands | AF69: =U69 -> Sweden | AG69: =_xlfn.XLOOKUP(AE69,'FIFA rankings'!$B:$B,'FIFA rankings'!$D:$D) -> 1757.87 | AH69: =_xlfn.XLOOKUP(AF69,'FIFA rankings'!$B:$B,'FIFA rankings'!$D:$D) -> 1514.77 | AI69: =IFERROR(AG69-AH69,"n.a.") -> 243.1 | AK69: =IFERROR($AI$7*POWER(10,$AI69/$AI$6),"n.a.") -> 1.7706891 | AL69: =IFERROR($AI$7*POWER(10,-$AI69/$AI$6),"n.a.") -> 1.1069137 | AN69: {=1/SUMPRODUCT(_xlfn.POISSON.DIST(ROW($1:$8)-1,$AK69,FALSE)*_xlfn.POISSON.DIST(TRANSPOSE(ROW($1:$8)-1),$AL69,FALSE)*((ROW($1:$8)-1)>(TRANSPOSE(ROW($1:$8)-1))))} -> 1.8916138 | AO69: {=1/SUMPRODUCT(_xlfn.POISSON.DIST(ROW($1:$8)-1,$AK69,FALSE)*_xlfn.POISSON.DIST(TRANSPOSE(ROW($1:$8)-1),$AL69,FALSE)*((ROW($1:$8)-1)=(TRANSPOSE(ROW($1:$8)-1))))} -> 4.2748009 | AP69: {=1/SUMPRODUCT(_xlfn.POISSON.DIST(ROW($1:$8)-1,$AK69,FALSE)*_xlfn.POISSON.DIST(TRANSPOSE(ROW($1:$8)-1),$AL69,FALSE)*((ROW($1:$8)-1)<(TRANSPOSE(ROW($1:$8)-1))))} -> 4.2212669 | AS69: =1-SUM(1/AN69,1/AO69,1/AP69) -> 0.00052613303 | BA69: =IF(ROUND(BC69,0)=ROUND(BC68,0),BA68,3) -> 1 | BB69: =ROUND(BC69,0) -> 2 | BC69: =MIN(MAX(BD67:BD69),MAX(BD67,BD68,BD70),MAX(BD67,BD69,BD70),MAX(BD68:BD70)) -> 2.47 | BD69: =SUM(BV69:BY69)+2.47 -> 2.47 | BE69: =R68 -> Sweden | BF69: =SUM(BJ69:BM69) -> 0 | BG69: =S68+T69+T72 -> 0 | BH69: =T68+S69+S72 -> 0 | BI69: =BG69-BH69 -> 0 | BJ69: =IF(ISBLANK(T69),0,IF(BL67=3,0,IF(BL67=1,1,3))) -> 0 | BK69: =IF(ISBLANK(T72),0,IF(T72>S72,3,IF(T72=S72,1,0))) -> 0 | BL69: x | BM69: =IF(ISBLANK(S68),0,IF(S68>T68,3,IF(S68=T68,1,0))) -> 0 | BN69: =10*(BI67-BI69)+BG67-BG69<0 -> FALSE | BO69: =10*(BI68-BI69)+BG68-BG69<0 -> FALSE | BP69: x | BQ69: =10*(BI69-BI70)+BG69-BG70>0 -> FALSE | BR69: =10000*(BJ69+BK69)+(T69-S69+T72-S72)*100+(T69+T72) -> 0 | BS69: x | BT69: =10000*(BJ69+BM69)+(S68-T68+T69-S69)*100+(S68+T69) -> 0 | BU69: =10000*(BK69+BM69)+(S68-T68+T72-S72)*100+(S68+T72) -> 0 | BV69: =-BX67 -> 0 | BW69: =-BX68 -> 0 | BX69: x | BY69: =IF($BF69>$BF70,-0.5,IF($BF70>$BF69,0.5,IF(BQ69,-0.5,IF(BP70,0.5,CO69)))) -> 0 | CN69: x | CO69: =IF($CJ67,IF(T68-S68<0,-0.5,IF(S68-T68<0,0.5,0)),IF($CC67,IF($BT69>$BT70,-0.5,IF($BT69<$BT70,0.5,0)),IF($CD67,IF($BU69>$BU70,-0.5,IF($BU69<$BU70,0.5,0)),0))) -> 0
A70: =IF(OR(ISBLANK(S70),ISBLANK(T70)),1,0) -> 1 | C70: 36 | D70: F4 | E70: Group | F70: Group F | G70: =R70 -> Tunisia | H70: =AN70 -> 3.6896719 | J70: Draw | K70: =AO70 -> 4.1220967 | M70: =U70 -> Japan | N70: =AP70 -> 2.0575654 | P70: 46194 | Q70: 0.25 | R70: =U68 -> Tunisia | U70: =U67 -> Japan | W70: =BA70 -> 1 | X70: =INDEX(BE67:BE70,MATCH(BC70,$BD67:$BD70,0)) -> Tunisia | Y70: =INDEX(BF67:BF70,MATCH(BC70,$BD67:$BD70,0)) -> 0 | Z70: =INDEX(BG67:BG70,MATCH(BC70,$BD67:$BD70,0)) -> 0 | AA70: =INDEX(BH67:BH70,MATCH(BC70,$BD67:$BD70,0)) -> 0 | AB70: =INDEX(BI67:BI70,MATCH(BC70,$BD67:$BD70,0)) -> 0 | AE70: =R70 -> Tunisia | AF70: =U70 -> Japan | AG70: =_xlfn.XLOOKUP(AE70,'FIFA rankings'!$B:$B,'FIFA rankings'!$D:$D) -> 1483.05 | AH70: =_xlfn.XLOOKUP(AF70,'FIFA rankings'!$B:$B,'FIFA rankings'!$D:$D) -> 1660.43 | AI70: =IFERROR(AG70-AH70,"n.a.") -> -177.38 | AK70: =IFERROR($AI$7*POWER(10,$AI70/$AI$6),"n.a.") -> 1.1794851 | AL70: =IFERROR($AI$7*POWER(10,-$AI70/$AI$6),"n.a.") -> 1.6617421 | AN70: {=1/SUMPRODUCT(_xlfn.POISSON.DIST(ROW($1:$8)-1,$AK70,FALSE)*_xlfn.POISSON.DIST(TRANSPOSE(ROW($1:$8)-1),$AL70,FALSE)*((ROW($1:$8)-1)>(TRANSPOSE(ROW($1:$8)-1))))} -> 3.6896719 | AO70: {=1/SUMPRODUCT(_xlfn.POISSON.DIST(ROW($1:$8)-1,$AK70,FALSE)*_xlfn.POISSON.DIST(TRANSPOSE(ROW($1:$8)-1),$AL70,FALSE)*((ROW($1:$8)-1)=(TRANSPOSE(ROW($1:$8)-1))))} -> 4.1220967 | AP70: {=1/SUMPRODUCT(_xlfn.POISSON.DIST(ROW($1:$8)-1,$AK70,FALSE)*_xlfn.POISSON.DIST(TRANSPOSE(ROW($1:$8)-1),$AL70,FALSE)*((ROW($1:$8)-1)<(TRANSPOSE(ROW($1:$8)-1))))} -> 2.0575654 | AS70: =1-SUM(1/AN70,1/AO70,1/AP70) -> 0.00036691171 | BA70: =IF(ROUND(BC70,0)=ROUND(BC69,0),BA69,4) -> 1 | BB70: =ROUND(BC70,0) -> 2 | BC70: =MAX(BD67:BD70) -> 2.48 | BD70: =SUM(BV70:BY70)+2.48 -> 2.48 | BE70: =U68 -> Tunisia | BF70: =SUM(BJ70:BM70) -> 0 | BG70: =T68+S70+S71 -> 0 | BH70: =S68+T70+T71 -> 0 | BI70: =BG70-BH70 -> 0 | BJ70: =IF(ISBLANK(S71),0,IF(BM67=3,0,IF(BM67=1,1,3))) -> 0 | BK70: =IF(ISBLANK(S70),0,IF(BM68=3,0,IF(BM68=1,1,3))) -> 0 | BL70: =IF(ISBLANK(T68),0,IF(BM69=3,0,IF(BM69=1,1,3))) -> 0 | BM70: x | BN70: =10*(BI67-BI70)+BG67-BG70<0 -> FALSE | BO70: =10*(BI68-BI70)+BG68-BG70<0 -> FALSE | BP70: =10*(BI69-BI70)+BG69-BG70<0 -> FALSE | BQ70: x | BR70: x | BS70: =10000*(BJ70+BK70)+(S70-T70+S71-T71)*100+(S70+S71) -> 0 | BT70: =10000*(BJ70+BL70)+(S71-T71+T68-S68)*100+(S71+T68) -> 0 | BU70: =10000*(BK70+BL70)+(S70-T70+T68-S68)*100+(S70+T68) -> 0 | BV70: =-BY67 -> 0 | BW70: =-BY68 -> 0 | BX70: =-BY69 -> 0 | BY70: x | CO70: x
A71: =IF(OR(ISBLANK(S71),ISBLANK(T71)),1,0) -> 1 | C71: 57 | E71: Group | F71: Group F | G71: =R71 -> Tunisia | H71: =AN71 -> 4.5191714 | J71: Draw | K71: =AO71 -> 4.368575 | M71: =U71 -> Netherlands | N71: =AP71 -> 1.8208944 | P71: 46199 | Q71: 0.041666667 | R71: =U68 -> Tunisia | U71: =R67 -> Netherlands | X71: =IF(OR(W69<3,W68<2),"TIRAGE AU SORT !!!"," ") -> TIRAGE AU SORT !!! | AE71: =R71 -> Tunisia | AF71: =U71 -> Netherlands | AG71: =_xlfn.XLOOKUP(AE71,'FIFA rankings'!$B:$B,'FIFA rankings'!$D:$D) -> 1483.05 | AH71: =_xlfn.XLOOKUP(AF71,'FIFA rankings'!$B:$B,'FIFA rankings'!$D:$D) -> 1757.87 | AI71: =IFERROR(AG71-AH71,"n.a.") -> -274.82 | AK71: =IFERROR($AI$7*POWER(10,$AI71/$AI$6),"n.a.") -> 1.0735019 | AL71: =IFERROR($AI$7*POWER(10,-$AI71/$AI$6),"n.a.") -> 1.8258002 | AN71: {=1/SUMPRODUCT(_xlfn.POISSON.DIST(ROW($1:$8)-1,$AK71,FALSE)*_xlfn.POISSON.DIST(TRANSPOSE(ROW($1:$8)-1),$AL71,FALSE)*((ROW($1:$8)-1)>(TRANSPOSE(ROW($1:$8)-1))))} -> 4.5191714 | AO71: {=1/SUMPRODUCT(_xlfn.POISSON.DIST(ROW($1:$8)-1,$AK71,FALSE)*_xlfn.POISSON.DIST(TRANSPOSE(ROW($1:$8)-1),$AL71,FALSE)*((ROW($1:$8)-1)=(TRANSPOSE(ROW($1:$8)-1))))} -> 4.368575 | AP71: {=1/SUMPRODUCT(_xlfn.POISSON.DIST(ROW($1:$8)-1,$AK71,FALSE)*_xlfn.POISSON.DIST(TRANSPOSE(ROW($1:$8)-1),$AL71,FALSE)*((ROW($1:$8)-1)<(TRANSPOSE(ROW($1:$8)-1))))} -> 1.8208944 | AS71: =1-SUM(1/AN71,1/AO71,1/AP71) -> 0.00063223495
A72: =IF(OR(ISBLANK(S72),ISBLANK(T72)),1,0) -> 1 | C72: 58 | E72: Group | F72: Group F | G72: =R72 -> Japan | H72: =AN72 -> 2.1482457 | J72: Draw | K72: =AO72 -> 4.067031 | M72: =U72 -> Sweden | N72: =AP72 -> 3.468482 | P72: 46199 | Q72: 0.041666667 | R72: =U67 -> Japan | U72: =R68 -> Sweden | AE72: =R72 -> Japan | AF72: =U72 -> Sweden | AG72: =_xlfn.XLOOKUP(AE72,'FIFA rankings'!$B:$B,'FIFA rankings'!$D:$D) -> 1660.43 | AH72: =_xlfn.XLOOKUP(AF72,'FIFA rankings'!$B:$B,'FIFA rankings'!$D:$D) -> 1514.77 | AI72: =IFERROR(AG72-AH72,"n.a.") -> 145.66 | AK72: =IFERROR($AI$7*POWER(10,$AI72/$AI$6),"n.a.") -> 1.611583 | AL72: =IFERROR($AI$7*POWER(10,-$AI72/$AI$6),"n.a.") -> 1.2161955 | AN72: {=1/SUMPRODUCT(_xlfn.POISSON.DIST(ROW($1:$8)-1,$AK72,FALSE)*_xlfn.POISSON.DIST(TRANSPOSE(ROW($1:$8)-1),$AL72,FALSE)*((ROW($1:$8)-1)>(TRANSPOSE(ROW($1:$8)-1))))} -> 2.1482457 | AO72: {=1/SUMPRODUCT(_xlfn.POISSON.DIST(ROW($1:$8)-1,$AK72,FALSE)*_xlfn.POISSON.DIST(TRANSPOSE(ROW($1:$8)-1),$AL72,FALSE)*((ROW($1:$8)-1)=(TRANSPOSE(ROW($1:$8)-1))))} -> 4.067031 | AP72: {=1/SUMPRODUCT(_xlfn.POISSON.DIST(ROW($1:$8)-1,$AK72,FALSE)*_xlfn.POISSON.DIST(TRANSPOSE(ROW($1:$8)-1),$AL72,FALSE)*((ROW($1:$8)-1)<(TRANSPOSE(ROW($1:$8)-1))))} -> 3.468482 | AS72: =1-SUM(1/AN72,1/AO72,1/AP72) -> 0.0003137158
F74: Group G | G74: =$F74 & " / Odds" -> Group G / Odds | P74: =$F74 & " / Results" -> Group G / Results | X74: =X66 -> Ranking | Y74: Pts | Z74: GF | AA74: GA | AB74: ="+/-" -> +/- | BD74: Rank | BE74: Team | BF74: Pts | BG74: GF | BH74: GA | BI74: GD | BJ74: Ag1 | BK74: Ag2 | BL74: Ag3 | BM74: Ag4 | BN74: Sp1 | BO74: Sp2 | BP74: Sp3 | BQ74: Sp4 | BR74: T123 | BS74: T124 | BT74: T134 | BU74: T234 | BV74: Rk1 | BW74: Rk2 | BX74: Rk3 | BY74: Rk4 | BZ74: T1234 | CA74: T123 | CB74: T124 | CC74: T134 | CD74: T234 | CE74: T12 | CF74: T13 | CG74: T14 | CH74: T23 | CI74: T24 | CJ74: T34 | CK74: NoT | CL74: sRk1 | CM74: sRk2 | CN74: sRk3 | CO74: sRk4
A75: =IF(OR(ISBLANK(S75),ISBLANK(T75)),1,0) -> 1 | C75: 15 | D75: G1 | E75: Group | F75: Group G | G75: =R75 -> Belgium | H75: =AN75 -> 2.0739024 | J75: Draw | K75: =AO75 -> 4.1109506 | M75: =U75 -> Egypt | N75: =AP75 -> 3.6468596 | P75: 46188 | Q75: 0.875 | R75: Belgium | U75: Egypt | W75: =BA75 -> 1 | X75: =INDEX(BE75:BE78,MATCH(BC75,$BD75:$BD78,0)) -> Belgium | Y75: =INDEX(BF75:BF78,MATCH(BC75,$BD75:$BD78,0)) -> 0 | Z75: =INDEX(BG75:BG78,MATCH(BC75,$BD75:$BD78,0)) -> 0 | AA75: =INDEX(BH75:BH78,MATCH(BC75,$BD75:$BD78,0)) -> 0 | AB75: =INDEX(BI75:BI78,MATCH(BC75,$BD75:$BD78,0)) -> 0 | AE75: =R75 -> Belgium | AF75: =U75 -> Egypt | AG75: =_xlfn.XLOOKUP(AE75,'FIFA rankings'!$B:$B,'FIFA rankings'!$D:$D) -> 1734.71 | AH75: =_xlfn.XLOOKUP(AF75,'FIFA rankings'!$B:$B,'FIFA rankings'!$D:$D) -> 1563.24 | AI75: =IFERROR(AG75-AH75,"n.a.") -> 171.47 | AK75: =IFERROR($AI$7*POWER(10,$AI75/$AI$6),"n.a.") -> 1.6522796 | AL75: =IFERROR($AI$7*POWER(10,-$AI75/$AI$6),"n.a.") -> 1.1862399 | AN75: {=1/SUMPRODUCT(_xlfn.POISSON.DIST(ROW($1:$8)-1,$AK75,FALSE)*_xlfn.POISSON.DIST(TRANSPOSE(ROW($1:$8)-1),$AL75,FALSE)*((ROW($1:$8)-1)>(TRANSPOSE(ROW($1:$8)-1))))} -> 2.0739024 | AO75: {=1/SUMPRODUCT(_xlfn.POISSON.DIST(ROW($1:$8)-1,$AK75,FALSE)*_xlfn.POISSON.DIST(TRANSPOSE(ROW($1:$8)-1),$AL75,FALSE)*((ROW($1:$8)-1)=(TRANSPOSE(ROW($1:$8)-1))))} -> 4.1109506 | AP75: {=1/SUMPRODUCT(_xlfn.POISSON.DIST(ROW($1:$8)-1,$AK75,FALSE)*_xlfn.POISSON.DIST(TRANSPOSE(ROW($1:$8)-1),$AL75,FALSE)*((ROW($1:$8)-1)<(TRANSPOSE(ROW($1:$8)-1))))} -> 3.6468596 | AS75: =1-SUM(1/AN75,1/AO75,1/AP75) -> 0.00035596126 | BA75: 1 | BB75: =ROUND(BC75,0) -> 2 | BC75: =MIN(BD75:BD78) -> 2.45 | BD75: =SUM(BV75:BY75)+2.45 -> 2.45 | BE75: =R75 -> Belgium | BF75: =SUM(BJ75:BM75) -> 0 | BG75: =S75+S77+T79 -> 0 | BH75: =T75+T77+S79 -> 0 | BI75: =BG75-BH75 -> 0 | BJ75: x | BK75: =IF(ISBLANK(S75),0,IF(S75>T75,3,IF(S75=T75,1,0))) -> 0 | BL75: =IF(ISBLANK(S77),0,IF(S77>T77,3,IF(S77=T77,1,0))) -> 0 | BM75: =IF(ISBLANK(T79),0,IF(T79>S79,3,IF(T79=S79,1,0))) -> 0 | BN75: x | BO75: =(10*(BI75-BI76)+BG75-BG76>0) -> FALSE | BP75: =10*(BI75-BI77)+BG75-BG77>0 -> FALSE | BQ75: =10*(BI75-BI78)+BG75-BG78>0 -> FALSE | BR75: =10000*(BK75+BL75)+(S77-T77+S75-T75)*100+(S77+S75) -> 0 | BS75: =10000*(BK75+BM75)+(S75-T75+T79-S79)*100+(S75+T79) -> 0 | BT75: =10000*(BL75+BM75)+(T79-S79+S77-T77)*100+(T79+S77) -> 0 | BU75: x | BV75: x | BW75: =IF($BF75>$BF76,-0.5,IF($BF76>$BF75,0.5,IF(BO75,-0.5,IF(BN76,0.5,CM75)))) -> 0 | BX75: =IF($BF75>$BF77,-0.5,IF($BF77>$BF75,0.5,IF(BP75,-0.5,IF(BN77,0.5,CN75)))) -> 0 | BY75: =IF($BF75>$BF78,-0.5,IF($BF78>$BF75,0.5,IF(BQ75,-0.5,IF(BN78,0.5,CO75)))) -> 0 | BZ75: =AND(AND(BF75=BF76,BF76=BF77,BF77=BF78),AND(BG75=BG76,BG76=BG77,BG77=BG78),AND(BH75=BH76,BH76=BH77,BH77=BH78)) -> TRUE | CA75: =AND(NOT(BZ75),BF75=BF76,BF75=BF77,BG75=BG76,BG75=BG77,BH75=BH76,BH75=BH77) -> FALSE | CB75: =AND(NOT(BZ75),BF75=BF76,BF75=BF78,BG75=BG76,BG75=BG78,BH75=BH76,BH75=BH78) -> FALSE | CC75: =AND(NOT(BZ75),BF75=BF77,BF75=BF78,BG75=BG77,BG75=BG78,BH75=BH77,BH75=BH78) -> FALSE | CD75: =AND(NOT(BZ75),BF76=BF77,BF76=BF78,BG76=BG77,BG76=BG78,BH76=BH77,BH76=BH78) -> FALSE | CE75: =AND(NOT(BZ75),NOT(CA75),NOT(CB75),BF75=BF76,BG75=BG76,BH75=BH76) -> FALSE | CF75: =AND(NOT(BZ75),NOT(CA75),NOT(CC75),BF75=BF77,BG75=BG77,BH75=BH77) -> FALSE | CG75: =AND(NOT(BZ75),NOT(CB75),NOT(CC75),BF75=BF78,BG75=BG78,BH75=BH78) -> FALSE | CH75: =AND(NOT(BZ75),NOT(CA75),NOT(CD75),BF76=BF77,BG76=BG77) -> FALSE | CI75: =AND(NOT(BZ75),NOT(CB75),NOT(CD75),BF76=BF78,BG76=BG78,BH76=BH78) -> FALSE | CJ75: =AND(NOT(BZ75),NOT(CC75),NOT(CD75),BF77=BF78,BG77=BG78,BH77=BH78) -> FALSE | CK75: {=AND(NOT(BZ75:CJ75))} -> FALSE | CL75: x | CM75: =IF($CE75,IF(T75-S75<0,-0.5,IF(S75-T75<0,0.5,0)),IF($CA75,IF($BR75>$BR76,-0.5,IF($BR75<$BR76,0.5,0)),IF($CB75,IF($BS75>$BS76,-0.5, IF($BS75<$BS76,0.5,0)),0))) -> 0 | CN75: =IF($CF75,IF(T77-S77<0,-0.5,IF(S77-T77<0,0.5,0)),IF($CA75,IF($BR75>$BR77,-0.5,IF($BR75<$BR77,0.5,0)),IF($CC75,IF($BT75>$BT77,-0.5,IF($BT75<$BT77,0.5,0)),0))) -> 0 | CO75: =IF($CG75,IF(S79-T79<0,-0.5,IF(T79-S79<0,0.5,0)),IF($CB75,IF($BS75>$BS78,-0.5,IF($BS75<$BS78,0.5,0)),IF($CC75,IF($BT75>$BT78,-0.5, IF($BT75<$BT78,0.5,0)),0))) -> 0
A76: =IF(OR(ISBLANK(S76),ISBLANK(T76)),1,0) -> 1 | C76: 16 | D76: G2 | E76: Group | F76: Group G | G76: =R76 -> IR Iran | H76: =AN76 -> 1.7036081 | J76: Draw | K76: =AO76 -> 4.5812904 | M76: =U76 -> New Zealand | N76: =AP76 -> 5.1590034 | P76: 46189 | Q76: 0.125 | R76: IR Iran | U76: New Zealand | W76: =BA76 -> 1 | X76: =INDEX(BE75:BE78,MATCH(BC76,$BD75:$BD78,0)) -> Egypt | Y76: =INDEX(BF75:BF78,MATCH(BC76,$BD75:$BD78,0)) -> 0 | Z76: =INDEX(BG75:BG78,MATCH(BC76,$BD75:$BD78,0)) -> 0 | AA76: =INDEX(BH75:BH78,MATCH(BC76,$BD75:$BD78,0)) -> 0 | AB76: =INDEX(BI75:BI78,MATCH(BC76,$BD75:$BD78,0)) -> 0 | AE76: =R76 -> IR Iran | AF76: =U76 -> New Zealand | AG76: =_xlfn.XLOOKUP(AE76,'FIFA rankings'!$B:$B,'FIFA rankings'!$D:$D) -> 1615.3 | AH76: =_xlfn.XLOOKUP(AF76,'FIFA rankings'!$B:$B,'FIFA rankings'!$D:$D) -> 1281.57 | AI76: =IFERROR(AG76-AH76,"n.a.") -> 333.73 | AK76: =IFERROR($AI$7*POWER(10,$AI76/$AI$6),"n.a.") -> 1.9327434 | AL76: =IFERROR($AI$7*POWER(10,-$AI76/$AI$6),"n.a.") -> 1.0141026 | AN76: {=1/SUMPRODUCT(_xlfn.POISSON.DIST(ROW($1:$8)-1,$AK76,FALSE)*_xlfn.POISSON.DIST(TRANSPOSE(ROW($1:$8)-1),$AL76,FALSE)*((ROW($1:$8)-1)>(TRANSPOSE(ROW($1:$8)-1))))} -> 1.7036081 | AO76: {=1/SUMPRODUCT(_xlfn.POISSON.DIST(ROW($1:$8)-1,$AK76,FALSE)*_xlfn.POISSON.DIST(TRANSPOSE(ROW($1:$8)-1),$AL76,FALSE)*((ROW($1:$8)-1)=(TRANSPOSE(ROW($1:$8)-1))))} -> 4.5812904 | AP76: {=1/SUMPRODUCT(_xlfn.POISSON.DIST(ROW($1:$8)-1,$AK76,FALSE)*_xlfn.POISSON.DIST(TRANSPOSE(ROW($1:$8)-1),$AL76,FALSE)*((ROW($1:$8)-1)<(TRANSPOSE(ROW($1:$8)-1))))} -> 5.1590034 | AS76: =1-SUM(1/AN76,1/AO76,1/AP76) -> 0.00089552794 | BA76: =IF(ROUND(BC76,0)=ROUND(BC75,0),BA75,2) -> 1 | BB76: =ROUND(BC76,0) -> 2 | BC76: =MAX(MIN(BD75:BD77),MIN(BD75,BD76,BD78),MIN(BD75,BD77,BD78),MIN(BD76:BD78)) -> 2.46 | BD76: =SUM(BV76:BY76)+2.46 -> 2.46 | BE76: =U75 -> Egypt | BF76: =SUM(BJ76:BM76) -> 0 | BG76: =T75+T78+S80 -> 0 | BH76: =S75+S78+T80 -> 0 | BI76: =BG76-BH76 -> 0 | BJ76: =IF(ISBLANK(T75),0,IF(BK75=3,0,IF(BK75=1,1,3))) -> 0 | BK76: x | BL76: =IF(ISBLANK(S80),0,IF(BK77=3,0,IF(BK77=1,1,3))) -> 0 | BM76: =IF(ISBLANK(T78),0,IF(T78>S78,3,IF(T78=S78,1,0))) -> 0 | BN76: =(10*(BI75-BI76)+BG75-BG76<0) -> FALSE | BO76: x | BP76: =10*(BI76-BI77)+BG76-BG77>0 -> FALSE | BQ76: =10*(BI76-BI78)+BG76-BG78>0 -> FALSE | BR76: =10000*(BJ76+BL76)+(T75-S75+S80-T80)*100+(T75+S80) -> 0 | BS76: =10000*(BJ76+BM76)+(T75-S75+T78-S78)*100+(T75+T78) -> 0 | BT76: x | BU76: =10000*(BL76+BM76)+(T78-S78+S80-T80)*100+(T78+S80) -> 0 | BV76: =-BW75 -> 0 | BW76: x | BX76: =IF($BF76>$BF77,-0.5,IF($BF77>$BF76,0.5,IF(BP76,-0.5,IF(BO77,0.5,CN76)))) -> 0 | BY76: =IF($BF76>$BF78,-0.5,IF($BF78>$BF76,0.5,IF(BQ76,-0.5,IF(BO78,0.5,CO76)))) -> 0 | CM76: x | CN76: =IF($CH75,IF(T80-S80<0,-0.5,IF(S80-T80<0,0.5,0)),IF($CA75,IF($BR76>$BR77,-0.5,IF($BR76<$BR77,0.5,0)),IF($CD75,IF($BU76>$BU77,-0.5,IF($BU76<$BU77,0.5,0)),0))) -> 0 | CO76: =IF($CI75,IF(S78-T78<0,-0.5,IF(T78-S78<0,0.5,0)),IF($CB75,IF($BS76>$BS78,-0.5,IF($BS76<$BS78,0.5,0)),IF($CD75,IF($BU76>$BU78,-0.5,IF($BU76<$BU78,0.5,0)),0))) -> 0
A77: =IF(OR(ISBLANK(S77),ISBLANK(T77)),1,0) -> 1 | C77: 39 | D77: G3 | E77: Group | F77: Group G | G77: =R77 -> Belgium | H77: =AN77 -> 2.2291492 | J77: Draw | K77: =AO77 -> 4.030108 | M77: =U77 -> IR Iran | N77: =AP77 -> 3.3004746 | P77: 46194 | Q77: 0.875 | R77: =R75 -> Belgium | U77: =R76 -> IR Iran | W77: =BA77 -> 1 | X77: =INDEX(BE75:BE78,MATCH(BC77,$BD75:$BD78,0)) -> IR Iran | Y77: =INDEX(BF75:BF78,MATCH(BC77,$BD75:$BD78,0)) -> 0 | Z77: =INDEX(BG75:BG78,MATCH(BC77,$BD75:$BD78,0)) -> 0 | AA77: =INDEX(BH75:BH78,MATCH(BC77,$BD75:$BD78,0)) -> 0 | AB77: =INDEX(BI75:BI78,MATCH(BC77,$BD75:$BD78,0)) -> 0 | AE77: =R77 -> Belgium | AF77: =U77 -> IR Iran | AG77: =_xlfn.XLOOKUP(AE77,'FIFA rankings'!$B:$B,'FIFA rankings'!$D:$D) -> 1734.71 | AH77: =_xlfn.XLOOKUP(AF77,'FIFA rankings'!$B:$B,'FIFA rankings'!$D:$D) -> 1615.3 | AI77: =IFERROR(AG77-AH77,"n.a.") -> 119.41 | AK77: =IFERROR($AI$7*POWER(10,$AI77/$AI$6),"n.a.") -> 1.5712205 | AL77: =IFERROR($AI$7*POWER(10,-$AI77/$AI$6),"n.a.") -> 1.2474379 | AN77: {=1/SUMPRODUCT(_xlfn.POISSON.DIST(ROW($1:$8)-1,$AK77,FALSE)*_xlfn.POISSON.DIST(TRANSPOSE(ROW($1:$8)-1),$AL77,FALSE)*((ROW($1:$8)-1)>(TRANSPOSE(ROW($1:$8)-1))))} -> 2.2291492 | AO77: {=1/SUMPRODUCT(_xlfn.POISSON.DIST(ROW($1:$8)-1,$AK77,FALSE)*_xlfn.POISSON.DIST(TRANSPOSE(ROW($1:$8)-1),$AL77,FALSE)*((ROW($1:$8)-1)=(TRANSPOSE(ROW($1:$8)-1))))} -> 4.030108 | AP77: {=1/SUMPRODUCT(_xlfn.POISSON.DIST(ROW($1:$8)-1,$AK77,FALSE)*_xlfn.POISSON.DIST(TRANSPOSE(ROW($1:$8)-1),$AL77,FALSE)*((ROW($1:$8)-1)<(TRANSPOSE(ROW($1:$8)-1))))} -> 3.3004746 | AS77: =1-SUM(1/AN77,1/AO77,1/AP77) -> 0.00027932246 | BA77: =IF(ROUND(BC77,0)=ROUND(BC76,0),BA76,3) -> 1 | BB77: =ROUND(BC77,0) -> 2 | BC77: =MIN(MAX(BD75:BD77),MAX(BD75,BD76,BD78),MAX(BD75,BD77,BD78),MAX(BD76:BD78)) -> 2.47 | BD77: =SUM(BV77:BY77)+2.47 -> 2.47 | BE77: =R76 -> IR Iran | BF77: =SUM(BJ77:BM77) -> 0 | BG77: =S76+T77+T80 -> 0 | BH77: =T76+S77+S80 -> 0 | BI77: =BG77-BH77 -> 0 | BJ77: =IF(ISBLANK(T77),0,IF(BL75=3,0,IF(BL75=1,1,3))) -> 0 | BK77: =IF(ISBLANK(T80),0,IF(T80>S80,3,IF(T80=S80,1,0))) -> 0 | BL77: x | BM77: =IF(ISBLANK(S76),0,IF(S76>T76,3,IF(S76=T76,1,0))) -> 0 | BN77: =10*(BI75-BI77)+BG75-BG77<0 -> FALSE | BO77: =10*(BI76-BI77)+BG76-BG77<0 -> FALSE | BP77: x | BQ77: =10*(BI77-BI78)+BG77-BG78>0 -> FALSE | BR77: =10000*(BJ77+BK77)+(T77-S77+T80-S80)*100+(T77+T80) -> 0 | BS77: x | BT77: =10000*(BJ77+BM77)+(S76-T76+T77-S77)*100+(S76+T77) -> 0 | BU77: =10000*(BK77+BM77)+(S76-T76+T80-S80)*100+(S76+T80) -> 0 | BV77: =-BX75 -> 0 | BW77: =-BX76 -> 0 | BX77: x | BY77: =IF($BF77>$BF78,-0.5,IF($BF78>$BF77,0.5,IF(BQ77,-0.5,IF(BP78,0.5,CO77)))) -> 0 | CN77: x | CO77: =IF($CJ75,IF(T76-S76<0,-0.5,IF(S76-T76<0,0.5,0)),IF($CC75,IF($BT77>$BT78,-0.5,IF($BT77<$BT78,0.5,0)),IF($CD75,IF($BU77>$BU78,-0.5,IF($BU77<$BU78,0.5,0)),0))) -> 0
A78: =IF(OR(ISBLANK(S78),ISBLANK(T78)),1,0) -> 1 | C78: 40 | D78: G4 | E78: Group | F78: Group G | G78: =R78 -> New Zealand | H78: =AN78 -> 4.5875097 | J78: Draw | K78: =AO78 -> 4.3906609 | M78: =U78 -> Egypt | N78: =AP78 -> 1.8063501 | P78: 46195 | Q78: 0.125 | R78: =U76 -> New Zealand | U78: =U75 -> Egypt | W78: =BA78 -> 1 | X78: =INDEX(BE75:BE78,MATCH(BC78,$BD75:$BD78,0)) -> New Zealand | Y78: =INDEX(BF75:BF78,MATCH(BC78,$BD75:$BD78,0)) -> 0 | Z78: =INDEX(BG75:BG78,MATCH(BC78,$BD75:$BD78,0)) -> 0 | AA78: =INDEX(BH75:BH78,MATCH(BC78,$BD75:$BD78,0)) -> 0 | AB78: =INDEX(BI75:BI78,MATCH(BC78,$BD75:$BD78,0)) -> 0 | AE78: =R78 -> New Zealand | AF78: =U78 -> Egypt | AG78: =_xlfn.XLOOKUP(AE78,'FIFA rankings'!$B:$B,'FIFA rankings'!$D:$D) -> 1281.57 | AH78: =_xlfn.XLOOKUP(AF78,'FIFA rankings'!$B:$B,'FIFA rankings'!$D:$D) -> 1563.24 | AI78: =IFERROR(AG78-AH78,"n.a.") -> -281.67 | AK78: =IFERROR($AI$7*POWER(10,$AI78/$AI$6),"n.a.") -> 1.06642 | AL78: =IFERROR($AI$7*POWER(10,-$AI78/$AI$6),"n.a.") -> 1.837925 | AN78: {=1/SUMPRODUCT(_xlfn.POISSON.DIST(ROW($1:$8)-1,$AK78,FALSE)*_xlfn.POISSON.DIST(TRANSPOSE(ROW($1:$8)-1),$AL78,FALSE)*((ROW($1:$8)-1)>(TRANSPOSE(ROW($1:$8)-1))))} -> 4.5875097 | AO78: {=1/SUMPRODUCT(_xlfn.POISSON.DIST(ROW($1:$8)-1,$AK78,FALSE)*_xlfn.POISSON.DIST(TRANSPOSE(ROW($1:$8)-1),$AL78,FALSE)*((ROW($1:$8)-1)=(TRANSPOSE(ROW($1:$8)-1))))} -> 4.3906609 | AP78: {=1/SUMPRODUCT(_xlfn.POISSON.DIST(ROW($1:$8)-1,$AK78,FALSE)*_xlfn.POISSON.DIST(TRANSPOSE(ROW($1:$8)-1),$AL78,FALSE)*((ROW($1:$8)-1)<(TRANSPOSE(ROW($1:$8)-1))))} -> 1.8063501 | AS78: =1-SUM(1/AN78,1/AO78,1/AP78) -> 0.00065812614 | BA78: =IF(ROUND(BC78,0)=ROUND(BC77,0),BA77,4) -> 1 | BB78: =ROUND(BC78,0) -> 2 | BC78: =MAX(BD75:BD78) -> 2.48 | BD78: =SUM(BV78:BY78)+2.48 -> 2.48 | BE78: =U76 -> New Zealand | BF78: =SUM(BJ78:BM78) -> 0 | BG78: =T76+S78+S79 -> 0 | BH78: =S76+T78+T79 -> 0 | BI78: =BG78-BH78 -> 0 | BJ78: =IF(ISBLANK(S79),0,IF(BM75=3,0,IF(BM75=1,1,3))) -> 0 | BK78: =IF(ISBLANK(S78),0,IF(BM76=3,0,IF(BM76=1,1,3))) -> 0 | BL78: =IF(ISBLANK(T76),0,IF(BM77=3,0,IF(BM77=1,1,3))) -> 0 | BM78: x | BN78: =10*(BI75-BI78)+BG75-BG78<0 -> FALSE | BO78: =10*(BI76-BI78)+BG76-BG78<0 -> FALSE | BP78: =10*(BI77-BI78)+BG77-BG78<0 -> FALSE | BQ78: x | BR78: x | BS78: =10000*(BJ78+BK78)+(S78-T78+S79-T79)*100+(S78+S79) -> 0 | BT78: =10000*(BJ78+BL78)+(S79-T79+T76-S76)*100+(S79+T76) -> 0 | BU78: =10000*(BK78+BL78)+(S78-T78+T76-S76)*100+(S78+T76) -> 0 | BV78: =-BY75 -> 0 | BW78: =-BY76 -> 0 | BX78: =-BY77 -> 0 | BY78: x | CO78: x
A79: =IF(OR(ISBLANK(S79),ISBLANK(T79)),1,0) -> 1 | C79: 63 | E79: Group | F79: Group G | G79: =R79 -> New Zealand | H79: =AN79 -> 6.9118682 | J79: Draw | K79: =AO79 -> 5.1957771 | M79: =U79 -> Belgium | N79: =AP79 -> 1.5127711 | P79: 46200 | Q79: 0.20833333 | R79: =U76 -> New Zealand | U79: =R75 -> Belgium | X79: =IF(OR(W77<3,W76<2),"TIRAGE AU SORT !!!"," ") -> TIRAGE AU SORT !!! | AE79: =R79 -> New Zealand | AF79: =U79 -> Belgium | AG79: =_xlfn.XLOOKUP(AE79,'FIFA rankings'!$B:$B,'FIFA rankings'!$D:$D) -> 1281.57 | AH79: =_xlfn.XLOOKUP(AF79,'FIFA rankings'!$B:$B,'FIFA rankings'!$D:$D) -> 1734.71 | AI79: =IFERROR(AG79-AH79,"n.a.") -> -453.14 | AK79: =IFERROR($AI$7*POWER(10,$AI79/$AI$6),"n.a.") -> 0.90359282 | AL79: =IFERROR($AI$7*POWER(10,-$AI79/$AI$6),"n.a.") -> 2.1691186 | AN79: {=1/SUMPRODUCT(_xlfn.POISSON.DIST(ROW($1:$8)-1,$AK79,FALSE)*_xlfn.POISSON.DIST(TRANSPOSE(ROW($1:$8)-1),$AL79,FALSE)*((ROW($1:$8)-1)>(TRANSPOSE(ROW($1:$8)-1))))} -> 6.9118682 | AO79: {=1/SUMPRODUCT(_xlfn.POISSON.DIST(ROW($1:$8)-1,$AK79,FALSE)*_xlfn.POISSON.DIST(TRANSPOSE(ROW($1:$8)-1),$AL79,FALSE)*((ROW($1:$8)-1)=(TRANSPOSE(ROW($1:$8)-1))))} -> 5.1957771 | AP79: {=1/SUMPRODUCT(_xlfn.POISSON.DIST(ROW($1:$8)-1,$AK79,FALSE)*_xlfn.POISSON.DIST(TRANSPOSE(ROW($1:$8)-1),$AL79,FALSE)*((ROW($1:$8)-1)<(TRANSPOSE(ROW($1:$8)-1))))} -> 1.5127711 | AS79: =1-SUM(1/AN79,1/AO79,1/AP79) -> 0.0018187792
A80: =IF(OR(ISBLANK(S80),ISBLANK(T80)),1,0) -> 1 | C80: 64 | E80: Group | F80: Group G | G80: =R80 -> Egypt | H80: =AN80 -> 2.923478 | J80: Draw | K80: =AO80 -> 3.9696506 | M80: =U80 -> IR Iran | N80: =AP80 -> 2.4642372 | P80: 46200 | Q80: 0.20833333 | R80: =U75 -> Egypt | U80: =R76 -> IR Iran | AE80: =R80 -> Egypt | AF80: =U80 -> IR Iran | AG80: =_xlfn.XLOOKUP(AE80,'FIFA rankings'!$B:$B,'FIFA rankings'!$D:$D) -> 1563.24 | AH80: =_xlfn.XLOOKUP(AF80,'FIFA rankings'!$B:$B,'FIFA rankings'!$D:$D) -> 1615.3 | AI80: =IFERROR(AG80-AH80,"n.a.") -> -52.06 | AK80: =IFERROR($AI$7*POWER(10,$AI80/$AI$6),"n.a.") -> 1.3313174 | AL80: =IFERROR($AI$7*POWER(10,-$AI80/$AI$6),"n.a.") -> 1.4722259 | AN80: {=1/SUMPRODUCT(_xlfn.POISSON.DIST(ROW($1:$8)-1,$AK80,FALSE)*_xlfn.POISSON.DIST(TRANSPOSE(ROW($1:$8)-1),$AL80,FALSE)*((ROW($1:$8)-1)>(TRANSPOSE(ROW($1:$8)-1))))} -> 2.923478 | AO80: {=1/SUMPRODUCT(_xlfn.POISSON.DIST(ROW($1:$8)-1,$AK80,FALSE)*_xlfn.POISSON.DIST(TRANSPOSE(ROW($1:$8)-1),$AL80,FALSE)*((ROW($1:$8)-1)=(TRANSPOSE(ROW($1:$8)-1))))} -> 3.9696506 | AP80: {=1/SUMPRODUCT(_xlfn.POISSON.DIST(ROW($1:$8)-1,$AK80,FALSE)*_xlfn.POISSON.DIST(TRANSPOSE(ROW($1:$8)-1),$AL80,FALSE)*((ROW($1:$8)-1)<(TRANSPOSE(ROW($1:$8)-1))))} -> 2.4642372 | AS80: =1-SUM(1/AN80,1/AO80,1/AP80) -> 0.00022524368
F82: Group H | G82: =$F82 & " / Odds" -> Group H / Odds | P82: =$F82 & " / Results" -> Group H / Results | X82: =X74 -> Ranking | Y82: Pts | Z82: GF | AA82: GA | AB82: ="+/-" -> +/- | BD82: Rank | BE82: Team | BF82: Pts | BG82: GF | BH82: GA | BI82: GD | BJ82: Ag1 | BK82: Ag2 | BL82: Ag3 | BM82: Ag4 | BN82: Sp1 | BO82: Sp2 | BP82: Sp3 | BQ82: Sp4 | BR82: T123 | BS82: T124 | BT82: T134 | BU82: T234 | BV82: Rk1 | BW82: Rk2 | BX82: Rk3 | BY82: Rk4 | BZ82: T1234 | CA82: T123 | CB82: T124 | CC82: T134 | CD82: T234 | CE82: T12 | CF82: T13 | CG82: T14 | CH82: T23 | CI82: T24 | CJ82: T34 | CK82: NoT | CL82: sRk1 | CM82: sRk2 | CN82: sRk3 | CO82: sRk4
A83: =IF(OR(ISBLANK(S83),ISBLANK(T83)),1,0) -> 1 | C83: 13 | D83: H1 | E83: Group | F83: Group H | G83: =R83 -> Spain | H83: =AN83 -> 1.4397861 | J83: Draw | K83: =AO83 -> 5.5980834 | M83: =U83 -> Cabo Verde | N83: =AP83 -> 8.0463535 | P83: 46188 | Q83: 0.75 | R83: Spain | U83: Cabo Verde | W83: =BA83 -> 1 | X83: =INDEX(BE83:BE86,MATCH(BC83,$BD83:$BD86,0)) -> Spain | Y83: =INDEX(BF83:BF86,MATCH(BC83,$BD83:$BD86,0)) -> 0 | Z83: =INDEX(BG83:BG86,MATCH(BC83,$BD83:$BD86,0)) -> 0 | AA83: =INDEX(BH83:BH86,MATCH(BC83,$BD83:$BD86,0)) -> 0 | AB83: =INDEX(BI83:BI86,MATCH(BC83,$BD83:$BD86,0)) -> 0 | AE83: =R83 -> Spain | AF83: =U83 -> Cabo Verde | AG83: =_xlfn.XLOOKUP(AE83,'FIFA rankings'!$B:$B,'FIFA rankings'!$D:$D) -> 1876.4 | AH83: =_xlfn.XLOOKUP(AF83,'FIFA rankings'!$B:$B,'FIFA rankings'!$D:$D) -> 1366.13 | AI83: =IFERROR(AG83-AH83,"n.a.") -> 510.27 | AK83: =IFERROR($AI$7*POWER(10,$AI83/$AI$6),"n.a.") -> 2.2922252 | AL83: =IFERROR($AI$7*POWER(10,-$AI83/$AI$6),"n.a.") -> 0.85506432 | AN83: {=1/SUMPRODUCT(_xlfn.POISSON.DIST(ROW($1:$8)-1,$AK83,FALSE)*_xlfn.POISSON.DIST(TRANSPOSE(ROW($1:$8)-1),$AL83,FALSE)*((ROW($1:$8)-1)>(TRANSPOSE(ROW($1:$8)-1))))} -> 1.4397861 | AO83: {=1/SUMPRODUCT(_xlfn.POISSON.DIST(ROW($1:$8)-1,$AK83,FALSE)*_xlfn.POISSON.DIST(TRANSPOSE(ROW($1:$8)-1),$AL83,FALSE)*((ROW($1:$8)-1)=(TRANSPOSE(ROW($1:$8)-1))))} -> 5.5980834 | AP83: {=1/SUMPRODUCT(_xlfn.POISSON.DIST(ROW($1:$8)-1,$AK83,FALSE)*_xlfn.POISSON.DIST(TRANSPOSE(ROW($1:$8)-1),$AL83,FALSE)*((ROW($1:$8)-1)<(TRANSPOSE(ROW($1:$8)-1))))} -> 8.0463535 | AS83: =1-SUM(1/AN83,1/AO83,1/AP83) -> 0.0025399171 | BA83: 1 | BB83: =ROUND(BC83,0) -> 2 | BC83: =MIN(BD83:BD86) -> 2.45 | BD83: =SUM(BV83:BY83)+2.45 -> 2.45 | BE83: =R83 -> Spain | BF83: =SUM(BJ83:BM83) -> 0 | BG83: =S83+S85+T87 -> 0 | BH83: =T83+T85+S87 -> 0 | BI83: =BG83-BH83 -> 0 | BJ83: x | BK83: =IF(ISBLANK(S83),0,IF(S83>T83,3,IF(S83=T83,1,0))) -> 0 | BL83: =IF(ISBLANK(S85),0,IF(S85>T85,3,IF(S85=T85,1,0))) -> 0 | BM83: =IF(ISBLANK(T87),0,IF(T87>S87,3,IF(T87=S87,1,0))) -> 0 | BN83: x | BO83: =(10*(BI83-BI84)+BG83-BG84>0) -> FALSE | BP83: =10*(BI83-BI85)+BG83-BG85>0 -> FALSE | BQ83: =10*(BI83-BI86)+BG83-BG86>0 -> FALSE | BR83: =10000*(BK83+BL83)+(S85-T85+S83-T83)*100+(S85+S83) -> 0 | BS83: =10000*(BK83+BM83)+(S83-T83+T87-S87)*100+(S83+T87) -> 0 | BT83: =10000*(BL83+BM83)+(T87-S87+S85-T85)*100+(T87+S85) -> 0 | BU83: x | BV83: x | BW83: =IF($BF83>$BF84,-0.5,IF($BF84>$BF83,0.5,IF(BO83,-0.5,IF(BN84,0.5,CM83)))) -> 0 | BX83: =IF($BF83>$BF85,-0.5,IF($BF85>$BF83,0.5,IF(BP83,-0.5,IF(BN85,0.5,CN83)))) -> 0 | BY83: =IF($BF83>$BF86,-0.5,IF($BF86>$BF83,0.5,IF(BQ83,-0.5,IF(BN86,0.5,CO83)))) -> 0 | BZ83: =AND(AND(BF83=BF84,BF84=BF85,BF85=BF86),AND(BG83=BG84,BG84=BG85,BG85=BG86),AND(BH83=BH84,BH84=BH85,BH85=BH86)) -> TRUE | CA83: =AND(NOT(BZ83),BF83=BF84,BF83=BF85,BG83=BG84,BG83=BG85,BH83=BH84,BH83=BH85) -> FALSE | CB83: =AND(NOT(BZ83),BF83=BF84,BF83=BF86,BG83=BG84,BG83=BG86,BH83=BH84,BH83=BH86) -> FALSE | CC83: =AND(NOT(BZ83),BF83=BF85,BF83=BF86,BG83=BG85,BG83=BG86,BH83=BH85,BH83=BH86) -> FALSE | CD83: =AND(NOT(BZ83),BF84=BF85,BF84=BF86,BG84=BG85,BG84=BG86,BH84=BH85,BH84=BH86) -> FALSE | CE83: =AND(NOT(BZ83),NOT(CA83),NOT(CB83),BF83=BF84,BG83=BG84,BH83=BH84) -> FALSE | CF83: =AND(NOT(BZ83),NOT(CA83),NOT(CC83),BF83=BF85,BG83=BG85,BH83=BH85) -> FALSE | CG83: =AND(NOT(BZ83),NOT(CB83),NOT(CC83),BF83=BF86,BG83=BG86,BH83=BH86) -> FALSE | CH83: =AND(NOT(BZ83),NOT(CA83),NOT(CD83),BF84=BF85,BG84=BG85) -> FALSE | CI83: =AND(NOT(BZ83),NOT(CB83),NOT(CD83),BF84=BF86,BG84=BG86,BH84=BH86) -> FALSE | CJ83: =AND(NOT(BZ83),NOT(CC83),NOT(CD83),BF85=BF86,BG85=BG86,BH85=BH86) -> FALSE | CK83: {=AND(NOT(BZ83:CJ83))} -> FALSE | CL83: x | CM83: =IF($CE83,IF(T83-S83<0,-0.5,IF(S83-T83<0,0.5,0)),IF($CA83,IF($BR83>$BR84,-0.5,IF($BR83<$BR84,0.5,0)),IF($CB83,IF($BS83>$BS84,-0.5, IF($BS83<$BS84,0.5,0)),0))) -> 0 | CN83: =IF($CF83,IF(T85-S85<0,-0.5,IF(S85-T85<0,0.5,0)),IF($CA83,IF($BR83>$BR85,-0.5,IF($BR83<$BR85,0.5,0)),IF($CC83,IF($BT83>$BT85,-0.5,IF($BT83<$BT85,0.5,0)),0))) -> 0 | CO83: =IF($CG83,IF(S87-T87<0,-0.5,IF(T87-S87<0,0.5,0)),IF($CB83,IF($BS83>$BS86,-0.5,IF($BS83<$BS86,0.5,0)),IF($CC83,IF($BT83>$BT86,-0.5, IF($BT83<$BT86,0.5,0)),0))) -> 0
A84: =IF(OR(ISBLANK(S84),ISBLANK(T84)),1,0) -> 1 | C84: 14 | D84: H2 | E84: Group | F84: Group H | G84: =R84 -> Saudi Arabia | H84: =AN84 -> 4.298581 | J84: Draw | K84: =AO84 -> 4.2987011 | M84: =U84 -> Uruguay | N84: =AP84 -> 1.8720138 | P84: 46189 | Q84: 0 | R84: Saudi Arabia | U84: Uruguay | W84: =BA84 -> 1 | X84: =INDEX(BE83:BE86,MATCH(BC84,$BD83:$BD86,0)) -> Cabo Verde | Y84: =INDEX(BF83:BF86,MATCH(BC84,$BD83:$BD86,0)) -> 0 | Z84: =INDEX(BG83:BG86,MATCH(BC84,$BD83:$BD86,0)) -> 0 | AA84: =INDEX(BH83:BH86,MATCH(BC84,$BD83:$BD86,0)) -> 0 | AB84: =INDEX(BI83:BI86,MATCH(BC84,$BD83:$BD86,0)) -> 0 | AE84: =R84 -> Saudi Arabia | AF84: =U84 -> Uruguay | AG84: =_xlfn.XLOOKUP(AE84,'FIFA rankings'!$B:$B,'FIFA rankings'!$D:$D) -> 1421.43 | AH84: =_xlfn.XLOOKUP(AF84,'FIFA rankings'!$B:$B,'FIFA rankings'!$D:$D) -> 1673.07 | AI84: =IFERROR(AG84-AH84,"n.a.") -> -251.64 | AK84: =IFERROR($AI$7*POWER(10,$AI84/$AI$6),"n.a.") -> 1.0978172 | AL84: =IFERROR($AI$7*POWER(10,-$AI84/$AI$6),"n.a.") -> 1.7853609 | AN84: {=1/SUMPRODUCT(_xlfn.POISSON.DIST(ROW($1:$8)-1,$AK84,FALSE)*_xlfn.POISSON.DIST(TRANSPOSE(ROW($1:$8)-1),$AL84,FALSE)*((ROW($1:$8)-1)>(TRANSPOSE(ROW($1:$8)-1))))} -> 4.298581 | AO84: {=1/SUMPRODUCT(_xlfn.POISSON.DIST(ROW($1:$8)-1,$AK84,FALSE)*_xlfn.POISSON.DIST(TRANSPOSE(ROW($1:$8)-1),$AL84,FALSE)*((ROW($1:$8)-1)=(TRANSPOSE(ROW($1:$8)-1))))} -> 4.2987011 | AP84: {=1/SUMPRODUCT(_xlfn.POISSON.DIST(ROW($1:$8)-1,$AK84,FALSE)*_xlfn.POISSON.DIST(TRANSPOSE(ROW($1:$8)-1),$AL84,FALSE)*((ROW($1:$8)-1)<(TRANSPOSE(ROW($1:$8)-1))))} -> 1.8720138 | AS84: =1-SUM(1/AN84,1/AO84,1/AP84) -> 0.0005525822 | BA84: =IF(ROUND(BC84,0)=ROUND(BC83,0),BA83,2) -> 1 | BB84: =ROUND(BC84,0) -> 2 | BC84: =MAX(MIN(BD83:BD85),MIN(BD83,BD84,BD86),MIN(BD83,BD85,BD86),MIN(BD84:BD86)) -> 2.46 | BD84: =SUM(BV84:BY84)+2.46 -> 2.46 | BE84: =U83 -> Cabo Verde | BF84: =SUM(BJ84:BM84) -> 0 | BG84: =T83+T86+S88 -> 0 | BH84: =S83+S86+T88 -> 0 | BI84: =BG84-BH84 -> 0 | BJ84: =IF(ISBLANK(T83),0,IF(BK83=3,0,IF(BK83=1,1,3))) -> 0 | BK84: x | BL84: =IF(ISBLANK(S88),0,IF(BK85=3,0,IF(BK85=1,1,3))) -> 0 | BM84: =IF(ISBLANK(T86),0,IF(T86>S86,3,IF(T86=S86,1,0))) -> 0 | BN84: =(10*(BI83-BI84)+BG83-BG84<0) -> FALSE | BO84: x | BP84: =10*(BI84-BI85)+BG84-BG85>0 -> FALSE | BQ84: =10*(BI84-BI86)+BG84-BG86>0 -> FALSE | BR84: =10000*(BJ84+BL84)+(T83-S83+S88-T88)*100+(T83+S88) -> 0 | BS84: =10000*(BJ84+BM84)+(T83-S83+T86-S86)*100+(T83+T86) -> 0 | BT84: x | BU84: =10000*(BL84+BM84)+(T86-S86+S88-T88)*100+(T86+S88) -> 0 | BV84: =-BW83 -> 0 | BW84: x | BX84: =IF($BF84>$BF85,-0.5,IF($BF85>$BF84,0.5,IF(BP84,-0.5,IF(BO85,0.5,CN84)))) -> 0 | BY84: =IF($BF84>$BF86,-0.5,IF($BF86>$BF84,0.5,IF(BQ84,-0.5,IF(BO86,0.5,CO84)))) -> 0 | CM84: x | CN84: =IF($CH83,IF(T88-S88<0,-0.5,IF(S88-T88<0,0.5,0)),IF($CA83,IF($BR84>$BR85,-0.5,IF($BR84<$BR85,0.5,0)),IF($CD83,IF($BU84>$BU85,-0.5,IF($BU84<$BU85,0.5,0)),0))) -> 0 | CO84: =IF($CI83,IF(S86-T86<0,-0.5,IF(T86-S86<0,0.5,0)),IF($CB83,IF($BS84>$BS86,-0.5,IF($BS84<$BS86,0.5,0)),IF($CD83,IF($BU84>$BU86,-0.5,IF($BU84<$BU86,0.5,0)),0))) -> 0
A85: =IF(OR(ISBLANK(S85),ISBLANK(T85)),1,0) -> 1 | C85: 37 | D85: H3 | E85: Group | F85: Group H | G85: =R85 -> Spain | H85: =AN85 -> 1.5102667 | J85: Draw | K85: =AO85 -> 5.207442 | M85: =U85 -> Saudi Arabia | N85: =AP85 -> 6.9447362 | P85: 46194 | Q85: 0.75 | R85: =R83 -> Spain | U85: =R84 -> Saudi Arabia | W85: =BA85 -> 1 | X85: =INDEX(BE83:BE86,MATCH(BC85,$BD83:$BD86,0)) -> Saudi Arabia | Y85: =INDEX(BF83:BF86,MATCH(BC85,$BD83:$BD86,0)) -> 0 | Z85: =INDEX(BG83:BG86,MATCH(BC85,$BD83:$BD86,0)) -> 0 | AA85: =INDEX(BH83:BH86,MATCH(BC85,$BD83:$BD86,0)) -> 0 | AB85: =INDEX(BI83:BI86,MATCH(BC85,$BD83:$BD86,0)) -> 0 | AE85: =R85 -> Spain | AF85: =U85 -> Saudi Arabia | AG85: =_xlfn.XLOOKUP(AE85,'FIFA rankings'!$B:$B,'FIFA rankings'!$D:$D) -> 1876.4 | AH85: =_xlfn.XLOOKUP(AF85,'FIFA rankings'!$B:$B,'FIFA rankings'!$D:$D) -> 1421.43 | AI85: =IFERROR(AG85-AH85,"n.a.") -> 454.97 | AK85: =IFERROR($AI$7*POWER(10,$AI85/$AI$6),"n.a.") -> 2.1729575 | AL85: =IFERROR($AI$7*POWER(10,-$AI85/$AI$6),"n.a.") -> 0.90199645 | AN85: {=1/SUMPRODUCT(_xlfn.POISSON.DIST(ROW($1:$8)-1,$AK85,FALSE)*_xlfn.POISSON.DIST(TRANSPOSE(ROW($1:$8)-1),$AL85,FALSE)*((ROW($1:$8)-1)>(TRANSPOSE(ROW($1:$8)-1))))} -> 1.5102667 | AO85: {=1/SUMPRODUCT(_xlfn.POISSON.DIST(ROW($1:$8)-1,$AK85,FALSE)*_xlfn.POISSON.DIST(TRANSPOSE(ROW($1:$8)-1),$AL85,FALSE)*((ROW($1:$8)-1)=(TRANSPOSE(ROW($1:$8)-1))))} -> 5.207442 | AP85: {=1/SUMPRODUCT(_xlfn.POISSON.DIST(ROW($1:$8)-1,$AK85,FALSE)*_xlfn.POISSON.DIST(TRANSPOSE(ROW($1:$8)-1),$AL85,FALSE)*((ROW($1:$8)-1)<(TRANSPOSE(ROW($1:$8)-1))))} -> 6.9447362 | AS85: =1-SUM(1/AN85,1/AO85,1/AP85) -> 0.0018384672 | BA85: =IF(ROUND(BC85,0)=ROUND(BC84,0),BA84,3) -> 1 | BB85: =ROUND(BC85,0) -> 2 | BC85: =MIN(MAX(BD83:BD85),MAX(BD83,BD84,BD86),MAX(BD83,BD85,BD86),MAX(BD84:BD86)) -> 2.47 | BD85: =SUM(BV85:BY85)+2.47 -> 2.47 | BE85: =R84 -> Saudi Arabia | BF85: =SUM(BJ85:BM85) -> 0 | BG85: =S84+T85+T88 -> 0 | BH85: =T84+S85+S88 -> 0 | BI85: =BG85-BH85 -> 0 | BJ85: =IF(ISBLANK(T85),0,IF(BL83=3,0,IF(BL83=1,1,3))) -> 0 | BK85: =IF(ISBLANK(T88),0,IF(T88>S88,3,IF(T88=S88,1,0))) -> 0 | BL85: x | BM85: =IF(ISBLANK(S84),0,IF(S84>T84,3,IF(S84=T84,1,0))) -> 0 | BN85: =10*(BI83-BI85)+BG83-BG85<0 -> FALSE | BO85: =10*(BI84-BI85)+BG84-BG85<0 -> FALSE | BP85: x | BQ85: =10*(BI85-BI86)+BG85-BG86>0 -> FALSE | BR85: =10000*(BJ85+BK85)+(T85-S85+T88-S88)*100+(T85+T88) -> 0 | BS85: x | BT85: =10000*(BJ85+BM85)+(S84-T84+T85-S85)*100+(S84+T85) -> 0 | BU85: =10000*(BK85+BM85)+(S84-T84+T88-S88)*100+(S84+T88) -> 0 | BV85: =-BX83 -> 0 | BW85: =-BX84 -> 0 | BX85: x | BY85: =IF($BF85>$BF86,-0.5,IF($BF86>$BF85,0.5,IF(BQ85,-0.5,IF(BP86,0.5,CO85)))) -> 0 | CN85: x | CO85: =IF($CJ83,IF(T84-S84<0,-0.5,IF(S84-T84<0,0.5,0)),IF($CC83,IF($BT85>$BT86,-0.5,IF($BT85<$BT86,0.5,0)),IF($CD83,IF($BU85>$BU86,-0.5,IF($BU85<$BU86,0.5,0)),0))) -> 0
A86: =IF(OR(ISBLANK(S86),ISBLANK(T86)),1,0) -> 1 | C86: 38 | D86: H4 | E86: Group | F86: Group H | G86: =R86 -> Uruguay | H86: =AN86 -> 1.7548067 | J86: Draw | K86: =AO86 -> 4.4780403 | M86: =U86 -> Cabo Verde | N86: =AP86 -> 4.8529363 | P86: 46195 | Q86: 0 | R86: =U84 -> Uruguay | U86: =U83 -> Cabo Verde | W86: =BA86 -> 1 | X86: =INDEX(BE83:BE86,MATCH(BC86,$BD83:$BD86,0)) -> Uruguay | Y86: =INDEX(BF83:BF86,MATCH(BC86,$BD83:$BD86,0)) -> 0 | Z86: =INDEX(BG83:BG86,MATCH(BC86,$BD83:$BD86,0)) -> 0 | AA86: =INDEX(BH83:BH86,MATCH(BC86,$BD83:$BD86,0)) -> 0 | AB86: =INDEX(BI83:BI86,MATCH(BC86,$BD83:$BD86,0)) -> 0 | AE86: =R86 -> Uruguay | AF86: =U86 -> Cabo Verde | AG86: =_xlfn.XLOOKUP(AE86,'FIFA rankings'!$B:$B,'FIFA rankings'!$D:$D) -> 1673.07 | AH86: =_xlfn.XLOOKUP(AF86,'FIFA rankings'!$B:$B,'FIFA rankings'!$D:$D) -> 1366.13 | AI86: =IFERROR(AG86-AH86,"n.a.") -> 306.94 | AK86: =IFERROR($AI$7*POWER(10,$AI86/$AI$6),"n.a.") -> 1.8833545 | AL86: =IFERROR($AI$7*POWER(10,-$AI86/$AI$6),"n.a.") -> 1.0406963 | AN86: {=1/SUMPRODUCT(_xlfn.POISSON.DIST(ROW($1:$8)-1,$AK86,FALSE)*_xlfn.POISSON.DIST(TRANSPOSE(ROW($1:$8)-1),$AL86,FALSE)*((ROW($1:$8)-1)>(TRANSPOSE(ROW($1:$8)-1))))} -> 1.7548067 | AO86: {=1/SUMPRODUCT(_xlfn.POISSON.DIST(ROW($1:$8)-1,$AK86,FALSE)*_xlfn.POISSON.DIST(TRANSPOSE(ROW($1:$8)-1),$AL86,FALSE)*((ROW($1:$8)-1)=(TRANSPOSE(ROW($1:$8)-1))))} -> 4.4780403 | AP86: {=1/SUMPRODUCT(_xlfn.POISSON.DIST(ROW($1:$8)-1,$AK86,FALSE)*_xlfn.POISSON.DIST(TRANSPOSE(ROW($1:$8)-1),$AL86,FALSE)*((ROW($1:$8)-1)<(TRANSPOSE(ROW($1:$8)-1))))} -> 4.8529363 | AS86: =1-SUM(1/AN86,1/AO86,1/AP86) -> 0.00076387485 | BA86: =IF(ROUND(BC86,0)=ROUND(BC85,0),BA85,4) -> 1 | BB86: =ROUND(BC86,0) -> 2 | BC86: =MAX(BD83:BD86) -> 2.48 | BD86: =SUM(BV86:BY86)+2.48 -> 2.48 | BE86: =U84 -> Uruguay | BF86: =SUM(BJ86:BM86) -> 0 | BG86: =T84+S86+S87 -> 0 | BH86: =S84+T86+T87 -> 0 | BI86: =BG86-BH86 -> 0 | BJ86: =IF(ISBLANK(S87),0,IF(BM83=3,0,IF(BM83=1,1,3))) -> 0 | BK86: =IF(ISBLANK(S86),0,IF(BM84=3,0,IF(BM84=1,1,3))) -> 0 | BL86: =IF(ISBLANK(T84),0,IF(BM85=3,0,IF(BM85=1,1,3))) -> 0 | BM86: x | BN86: =10*(BI83-BI86)+BG83-BG86<0 -> FALSE | BO86: =10*(BI84-BI86)+BG84-BG86<0 -> FALSE | BP86: =10*(BI85-BI86)+BG85-BG86<0 -> FALSE | BQ86: x | BR86: x | BS86: =10000*(BJ86+BK86)+(S86-T86+S87-T87)*100+(S86+S87) -> 0 | BT86: =10000*(BJ86+BL86)+(S87-T87+T84-S84)*100+(S87+T84) -> 0 | BU86: =10000*(BK86+BL86)+(S86-T86+T84-S84)*100+(S86+T84) -> 0 | BV86: =-BY83 -> 0 | BW86: =-BY84 -> 0 | BX86: =-BY85 -> 0 | BY86: x | CO86: x
A87: =IF(OR(ISBLANK(S87),ISBLANK(T87)),1,0) -> 1 | C87: 65 | E87: Group | F87: Group H | G87: =R87 -> Uruguay | H87: =AN87 -> 3.88694 | J87: Draw | K87: =AO87 -> 4.1759784 | M87: =U87 -> Spain | N87: =AP87 -> 1.9886953 | P87: 46200 | Q87: 0.083333333 | R87: =U84 -> Uruguay | U87: =R83 -> Spain | X87: =IF(OR(W85<3,W84<2),"TIRAGE AU SORT !!!"," ") -> TIRAGE AU SORT !!! | AE87: =R87 -> Uruguay | AF87: =U87 -> Spain | AG87: =_xlfn.XLOOKUP(AE87,'FIFA rankings'!$B:$B,'FIFA rankings'!$D:$D) -> 1673.07 | AH87: =_xlfn.XLOOKUP(AF87,'FIFA rankings'!$B:$B,'FIFA rankings'!$D:$D) -> 1876.4 | AI87: =IFERROR(AG87-AH87,"n.a.") -> -203.33 | AK87: =IFERROR($AI$7*POWER(10,$AI87/$AI$6),"n.a.") -> 1.150278 | AL87: =IFERROR($AI$7*POWER(10,-$AI87/$AI$6),"n.a.") -> 1.7039359 | AN87: {=1/SUMPRODUCT(_xlfn.POISSON.DIST(ROW($1:$8)-1,$AK87,FALSE)*_xlfn.POISSON.DIST(TRANSPOSE(ROW($1:$8)-1),$AL87,FALSE)*((ROW($1:$8)-1)>(TRANSPOSE(ROW($1:$8)-1))))} -> 3.88694 | AO87: {=1/SUMPRODUCT(_xlfn.POISSON.DIST(ROW($1:$8)-1,$AK87,FALSE)*_xlfn.POISSON.DIST(TRANSPOSE(ROW($1:$8)-1),$AL87,FALSE)*((ROW($1:$8)-1)=(TRANSPOSE(ROW($1:$8)-1))))} -> 4.1759784 | AP87: {=1/SUMPRODUCT(_xlfn.POISSON.DIST(ROW($1:$8)-1,$AK87,FALSE)*_xlfn.POISSON.DIST(TRANSPOSE(ROW($1:$8)-1),$AL87,FALSE)*((ROW($1:$8)-1)<(TRANSPOSE(ROW($1:$8)-1))))} -> 1.9886953 | AS87: =1-SUM(1/AN87,1/AO87,1/AP87) -> 0.00042114549
A88: =IF(OR(ISBLANK(S88),ISBLANK(T88)),1,0) -> 1 | C88: 66 | E88: Group | F88: Group H | G88: =R88 -> Cabo Verde | H88: =AN88 -> 2.940006 | J88: Draw | K88: =AO88 -> 3.9714567 | M88: =U88 -> Saudi Arabia | N88: =AP88 -> 2.4519356 | P88: 46200 | Q88: 0.083333333 | R88: =U83 -> Cabo Verde | U88: =R84 -> Saudi Arabia | AE88: =R88 -> Cabo Verde | AF88: =U88 -> Saudi Arabia | AG88: =_xlfn.XLOOKUP(AE88,'FIFA rankings'!$B:$B,'FIFA rankings'!$D:$D) -> 1366.13 | AH88: =_xlfn.XLOOKUP(AF88,'FIFA rankings'!$B:$B,'FIFA rankings'!$D:$D) -> 1421.43 | AI88: =IFERROR(AG88-AH88,"n.a.") -> -55.3 | AK88: =IFERROR($AI$7*POWER(10,$AI88/$AI$6),"n.a.") -> 1.3271561 | AL88: =IFERROR($AI$7*POWER(10,-$AI88/$AI$6),"n.a.") -> 1.4768421 | AN88: {=1/SUMPRODUCT(_xlfn.POISSON.DIST(ROW($1:$8)-1,$AK88,FALSE)*_xlfn.POISSON.DIST(TRANSPOSE(ROW($1:$8)-1),$AL88,FALSE)*((ROW($1:$8)-1)>(TRANSPOSE(ROW($1:$8)-1))))} -> 2.940006 | AO88: {=1/SUMPRODUCT(_xlfn.POISSON.DIST(ROW($1:$8)-1,$AK88,FALSE)*_xlfn.POISSON.DIST(TRANSPOSE(ROW($1:$8)-1),$AL88,FALSE)*((ROW($1:$8)-1)=(TRANSPOSE(ROW($1:$8)-1))))} -> 3.9714567 | AP88: {=1/SUMPRODUCT(_xlfn.POISSON.DIST(ROW($1:$8)-1,$AK88,FALSE)*_xlfn.POISSON.DIST(TRANSPOSE(ROW($1:$8)-1),$AL88,FALSE)*((ROW($1:$8)-1)<(TRANSPOSE(ROW($1:$8)-1))))} -> 2.4519356 | AS88: =1-SUM(1/AN88,1/AO88,1/AP88) -> 0.00022681873
F90: Group I | G90: =$F90 & " / Odds" -> Group I / Odds | P90: =$F90 & " / Results" -> Group I / Results | X90: =X82 -> Ranking | Y90: Pts | Z90: GF | AA90: GA | AB90: ="+/-" -> +/- | BD90: Rank | BE90: Team | BF90: Pts | BG90: GF | BH90: GA | BI90: GD | BJ90: Ag1 | BK90: Ag2 | BL90: Ag3 | BM90: Ag4 | BN90: Sp1 | BO90: Sp2 | BP90: Sp3 | BQ90: Sp4 | BR90: T123 | BS90: T124 | BT90: T134 | BU90: T234 | BV90: Rk1 | BW90: Rk2 | BX90: Rk3 | BY90: Rk4 | BZ90: T1234 | CA90: T123 | CB90: T124 | CC90: T134 | CD90: T234 | CE90: T12 | CF90: T13 | CG90: T14 | CH90: T23 | CI90: T24 | CJ90: T34 | CK90: NoT | CL90: sRk1 | CM90: sRk2 | CN90: sRk3 | CO90: sRk4
A91: =IF(OR(ISBLANK(S91),ISBLANK(T91)),1,0) -> 1 | C91: 17 | D91: I1 | E91: Group | F91: Group I | G91: =R91 -> France | H91: =AN91 -> 2.0279448 | J91: Draw | K91: =AO91 -> 4.1438428 | M91: =U91 -> Senegal | N91: =AP91 -> 3.7710306 | P91: 46189 | Q91: 0.875 | R91: France | U91: Senegal | W91: =BA91 -> 1 | X91: =INDEX(BE91:BE94,MATCH(BC91,$BD91:$BD94,0)) -> France | Y91: =INDEX(BF91:BF94,MATCH(BC91,$BD91:$BD94,0)) -> 0 | Z91: =INDEX(BG91:BG94,MATCH(BC91,$BD91:$BD94,0)) -> 0 | AA91: =INDEX(BH91:BH94,MATCH(BC91,$BD91:$BD94,0)) -> 0 | AB91: =INDEX(BI91:BI94,MATCH(BC91,$BD91:$BD94,0)) -> 0 | AE91: =R91 -> France | AF91: =U91 -> Senegal | AG91: =_xlfn.XLOOKUP(AE91,'FIFA rankings'!$B:$B,'FIFA rankings'!$D:$D) -> 1877.32 | AH91: =_xlfn.XLOOKUP(AF91,'FIFA rankings'!$B:$B,'FIFA rankings'!$D:$D) -> 1688.99 | AI91: =IFERROR(AG91-AH91,"n.a.") -> 188.33 | AK91: =IFERROR($AI$7*POWER(10,$AI91/$AI$6),"n.a.") -> 1.6794175 | AL91: =IFERROR($AI$7*POWER(10,-$AI91/$AI$6),"n.a.") -> 1.1670713 | AN91: {=1/SUMPRODUCT(_xlfn.POISSON.DIST(ROW($1:$8)-1,$AK91,FALSE)*_xlfn.POISSON.DIST(TRANSPOSE(ROW($1:$8)-1),$AL91,FALSE)*((ROW($1:$8)-1)>(TRANSPOSE(ROW($1:$8)-1))))} -> 2.0279448 | AO91: {=1/SUMPRODUCT(_xlfn.POISSON.DIST(ROW($1:$8)-1,$AK91,FALSE)*_xlfn.POISSON.DIST(TRANSPOSE(ROW($1:$8)-1),$AL91,FALSE)*((ROW($1:$8)-1)=(TRANSPOSE(ROW($1:$8)-1))))} -> 4.1438428 | AP91: {=1/SUMPRODUCT(_xlfn.POISSON.DIST(ROW($1:$8)-1,$AK91,FALSE)*_xlfn.POISSON.DIST(TRANSPOSE(ROW($1:$8)-1),$AL91,FALSE)*((ROW($1:$8)-1)<(TRANSPOSE(ROW($1:$8)-1))))} -> 3.7710306 | AS91: =1-SUM(1/AN91,1/AO91,1/AP91) -> 0.00038854177 | BA91: 1 | BB91: =ROUND(BC91,0) -> 2 | BC91: =MIN(BD91:BD94) -> 2.45 | BD91: =SUM(BV91:BY91)+2.45 -> 2.45 | BE91: =R91 -> France | BF91: =SUM(BJ91:BM91) -> 0 | BG91: =S91+S93+T95 -> 0 | BH91: =T91+T93+S95 -> 0 | BI91: =BG91-BH91 -> 0 | BJ91: x | BK91: =IF(ISBLANK(S91),0,IF(S91>T91,3,IF(S91=T91,1,0))) -> 0 | BL91: =IF(ISBLANK(S93),0,IF(S93>T93,3,IF(S93=T93,1,0))) -> 0 | BM91: =IF(ISBLANK(T95),0,IF(T95>S95,3,IF(T95=S95,1,0))) -> 0 | BN91: x | BO91: =(10*(BI91-BI92)+BG91-BG92>0) -> FALSE | BP91: =10*(BI91-BI93)+BG91-BG93>0 -> FALSE | BQ91: =10*(BI91-BI94)+BG91-BG94>0 -> FALSE | BR91: =10000*(BK91+BL91)+(S93-T93+S91-T91)*100+(S93+S91) -> 0 | BS91: =10000*(BK91+BM91)+(S91-T91+T95-S95)*100+(S91+T95) -> 0 | BT91: =10000*(BL91+BM91)+(T95-S95+S93-T93)*100+(T95+S93) -> 0 | BU91: x | BV91: x | BW91: =IF($BF91>$BF92,-0.5,IF($BF92>$BF91,0.5,IF(BO91,-0.5,IF(BN92,0.5,CM91)))) -> 0 | BX91: =IF($BF91>$BF93,-0.5,IF($BF93>$BF91,0.5,IF(BP91,-0.5,IF(BN93,0.5,CN91)))) -> 0 | BY91: =IF($BF91>$BF94,-0.5,IF($BF94>$BF91,0.5,IF(BQ91,-0.5,IF(BN94,0.5,CO91)))) -> 0 | BZ91: =AND(AND(BF91=BF92,BF92=BF93,BF93=BF94),AND(BG91=BG92,BG92=BG93,BG93=BG94),AND(BH91=BH92,BH92=BH93,BH93=BH94)) -> TRUE | CA91: =AND(NOT(BZ91),BF91=BF92,BF91=BF93,BG91=BG92,BG91=BG93,BH91=BH92,BH91=BH93) -> FALSE | CB91: =AND(NOT(BZ91),BF91=BF92,BF91=BF94,BG91=BG92,BG91=BG94,BH91=BH92,BH91=BH94) -> FALSE | CC91: =AND(NOT(BZ91),BF91=BF93,BF91=BF94,BG91=BG93,BG91=BG94,BH91=BH93,BH91=BH94) -> FALSE | CD91: =AND(NOT(BZ91),BF92=BF93,BF92=BF94,BG92=BG93,BG92=BG94,BH92=BH93,BH92=BH94) -> FALSE | CE91: =AND(NOT(BZ91),NOT(CA91),NOT(CB91),BF91=BF92,BG91=BG92,BH91=BH92) -> FALSE | CF91: =AND(NOT(BZ91),NOT(CA91),NOT(CC91),BF91=BF93,BG91=BG93,BH91=BH93) -> FALSE | CG91: =AND(NOT(BZ91),NOT(CB91),NOT(CC91),BF91=BF94,BG91=BG94,BH91=BH94) -> FALSE | CH91: =AND(NOT(BZ91),NOT(CA91),NOT(CD91),BF92=BF93,BG92=BG93) -> FALSE | CI91: =AND(NOT(BZ91),NOT(CB91),NOT(CD91),BF92=BF94,BG92=BG94,BH92=BH94) -> FALSE | CJ91: =AND(NOT(BZ91),NOT(CC91),NOT(CD91),BF93=BF94,BG93=BG94,BH93=BH94) -> FALSE | CK91: {=AND(NOT(BZ91:CJ91))} -> FALSE | CL91: x | CM91: =IF($CE91,IF(T91-S91<0,-0.5,IF(S91-T91<0,0.5,0)),IF($CA91,IF($BR91>$BR92,-0.5,IF($BR91<$BR92,0.5,0)),IF($CB91,IF($BS91>$BS92,-0.5, IF($BS91<$BS92,0.5,0)),0))) -> 0 | CN91: =IF($CF91,IF(T93-S93<0,-0.5,IF(S93-T93<0,0.5,0)),IF($CA91,IF($BR91>$BR93,-0.5,IF($BR91<$BR93,0.5,0)),IF($CC91,IF($BT91>$BT93,-0.5,IF($BT91<$BT93,0.5,0)),0))) -> 0 | CO91: =IF($CG91,IF(S95-T95<0,-0.5,IF(T95-S95<0,0.5,0)),IF($CB91,IF($BS91>$BS94,-0.5,IF($BS91<$BS94,0.5,0)),IF($CC91,IF($BT91>$BT94,-0.5, IF($BT91<$BT94,0.5,0)),0))) -> 0
A92: =IF(OR(ISBLANK(S92),ISBLANK(T92)),1,0) -> 1 | C92: 18 | D92: I2 | E92: Group | F92: Group I | G92: =R92 -> Iraq | H92: =AN92 -> 3.2064972 | J92: Draw | K92: =AO92 -> 4.0117595 | M92: =U92 -> Norway | N92: =AP92 -> 2.2799641 | P92: 46190 | Q92: 0 | R92: Iraq | U92: Norway | W92: =BA92 -> 1 | X92: =INDEX(BE91:BE94,MATCH(BC92,$BD91:$BD94,0)) -> Senegal | Y92: =INDEX(BF91:BF94,MATCH(BC92,$BD91:$BD94,0)) -> 0 | Z92: =INDEX(BG91:BG94,MATCH(BC92,$BD91:$BD94,0)) -> 0 | AA92: =INDEX(BH91:BH94,MATCH(BC92,$BD91:$BD94,0)) -> 0 | AB92: =INDEX(BI91:BI94,MATCH(BC92,$BD91:$BD94,0)) -> 0 | AE92: =R92 -> Iraq | AF92: =U92 -> Norway | AG92: =_xlfn.XLOOKUP(AE92,'FIFA rankings'!$B:$B,'FIFA rankings'!$D:$D) -> 1447.14 | AH92: =_xlfn.XLOOKUP(AF92,'FIFA rankings'!$B:$B,'FIFA rankings'!$D:$D) -> 1550.94 | AI92: =IFERROR(AG92-AH92,"n.a.") -> -103.8 | AK92: =IFERROR($AI$7*POWER(10,$AI92/$AI$6),"n.a.") -> 1.2663959 | AL92: =IFERROR($AI$7*POWER(10,-$AI92/$AI$6),"n.a.") -> 1.5476993 | AN92: {=1/SUMPRODUCT(_xlfn.POISSON.DIST(ROW($1:$8)-1,$AK92,FALSE)*_xlfn.POISSON.DIST(TRANSPOSE(ROW($1:$8)-1),$AL92,FALSE)*((ROW($1:$8)-1)>(TRANSPOSE(ROW($1:$8)-1))))} -> 3.2064972 | AO92: {=1/SUMPRODUCT(_xlfn.POISSON.DIST(ROW($1:$8)-1,$AK92,FALSE)*_xlfn.POISSON.DIST(TRANSPOSE(ROW($1:$8)-1),$AL92,FALSE)*((ROW($1:$8)-1)=(TRANSPOSE(ROW($1:$8)-1))))} -> 4.0117595 | AP92: {=1/SUMPRODUCT(_xlfn.POISSON.DIST(ROW($1:$8)-1,$AK92,FALSE)*_xlfn.POISSON.DIST(TRANSPOSE(ROW($1:$8)-1),$AL92,FALSE)*((ROW($1:$8)-1)<(TRANSPOSE(ROW($1:$8)-1))))} -> 2.2799641 | AS92: =1-SUM(1/AN92,1/AO92,1/AP92) -> 0.0002626152 | BA92: =IF(ROUND(BC92,0)=ROUND(BC91,0),BA91,2) -> 1 | BB92: =ROUND(BC92,0) -> 2 | BC92: =MAX(MIN(BD91:BD93),MIN(BD91,BD92,BD94),MIN(BD91,BD93,BD94),MIN(BD92:BD94)) -> 2.46 | BD92: =SUM(BV92:BY92)+2.46 -> 2.46 | BE92: =U91 -> Senegal | BF92: =SUM(BJ92:BM92) -> 0 | BG92: =T91+T94+S96 -> 0 | BH92: =S91+S94+T96 -> 0 | BI92: =BG92-BH92 -> 0 | BJ92: =IF(ISBLANK(T91),0,IF(BK91=3,0,IF(BK91=1,1,3))) -> 0 | BK92: x | BL92: =IF(ISBLANK(S96),0,IF(BK93=3,0,IF(BK93=1,1,3))) -> 0 | BM92: =IF(ISBLANK(T94),0,IF(T94>S94,3,IF(T94=S94,1,0))) -> 0 | BN92: =(10*(BI91-BI92)+BG91-BG92<0) -> FALSE | BO92: x | BP92: =10*(BI92-BI93)+BG92-BG93>0 -> FALSE | BQ92: =10*(BI92-BI94)+BG92-BG94>0 -> FALSE | BR92: =10000*(BJ92+BL92)+(T91-S91+S96-T96)*100+(T91+S96) -> 0 | BS92: =10000*(BJ92+BM92)+(T91-S91+T94-S94)*100+(T91+T94) -> 0 | BT92: x | BU92: =10000*(BL92+BM92)+(T94-S94+S96-T96)*100+(T94+S96) -> 0 | BV92: =-BW91 -> 0 | BW92: x | BX92: =IF($BF92>$BF93,-0.5,IF($BF93>$BF92,0.5,IF(BP92,-0.5,IF(BO93,0.5,CN92)))) -> 0 | BY92: =IF($BF92>$BF94,-0.5,IF($BF94>$BF92,0.5,IF(BQ92,-0.5,IF(BO94,0.5,CO92)))) -> 0 | CM92: x | CN92: =IF($CH91,IF(T96-S96<0,-0.5,IF(S96-T96<0,0.5,0)),IF($CA91,IF($BR92>$BR93,-0.5,IF($BR92<$BR93,0.5,0)),IF($CD91,IF($BU92>$BU93,-0.5,IF($BU92<$BU93,0.5,0)),0))) -> 0 | CO92: =IF($CI91,IF(S94-T94<0,-0.5,IF(T94-S94<0,0.5,0)),IF($CB91,IF($BS92>$BS94,-0.5,IF($BS92<$BS94,0.5,0)),IF($CD91,IF($BU92>$BU94,-0.5,IF($BU92<$BU94,0.5,0)),0))) -> 0
A93: =IF(OR(ISBLANK(S93),ISBLANK(T93)),1,0) -> 1 | C93: 41 | D93: I3 | E93: Group | F93: Group I | G93: =R93 -> France | H93: =AN93 -> 1.5451884 | J93: Draw | K93: =AO93 -> 5.0557395 | M93: =U93 -> Iraq | N93: =AP93 -> 6.5169388 | P93: 46195 | Q93: 0.95833333 | R93: =R91 -> France | U93: =R92 -> Iraq | W93: =BA93 -> 1 | X93: =INDEX(BE91:BE94,MATCH(BC93,$BD91:$BD94,0)) -> Iraq | Y93: =INDEX(BF91:BF94,MATCH(BC93,$BD91:$BD94,0)) -> 0 | Z93: =INDEX(BG91:BG94,MATCH(BC93,$BD91:$BD94,0)) -> 0 | AA93: =INDEX(BH91:BH94,MATCH(BC93,$BD91:$BD94,0)) -> 0 | AB93: =INDEX(BI91:BI94,MATCH(BC93,$BD91:$BD94,0)) -> 0 | AE93: =R93 -> France | AF93: =U93 -> Iraq | AG93: =_xlfn.XLOOKUP(AE93,'FIFA rankings'!$B:$B,'FIFA rankings'!$D:$D) -> 1877.32 | AH93: =_xlfn.XLOOKUP(AF93,'FIFA rankings'!$B:$B,'FIFA rankings'!$D:$D) -> 1447.14 | AI93: =IFERROR(AG93-AH93,"n.a.") -> 430.18 | AK93: =IFERROR($AI$7*POWER(10,$AI93/$AI$6),"n.a.") -> 2.1215261 | AL93: =IFERROR($AI$7*POWER(10,-$AI93/$AI$6),"n.a.") -> 0.92386323 | AN93: {=1/SUMPRODUCT(_xlfn.POISSON.DIST(ROW($1:$8)-1,$AK93,FALSE)*_xlfn.POISSON.DIST(TRANSPOSE(ROW($1:$8)-1),$AL93,FALSE)*((ROW($1:$8)-1)>(TRANSPOSE(ROW($1:$8)-1))))} -> 1.5451884 | AO93: {=1/SUMPRODUCT(_xlfn.POISSON.DIST(ROW($1:$8)-1,$AK93,FALSE)*_xlfn.POISSON.DIST(TRANSPOSE(ROW($1:$8)-1),$AL93,FALSE)*((ROW($1:$8)-1)=(TRANSPOSE(ROW($1:$8)-1))))} -> 5.0557395 | AP93: {=1/SUMPRODUCT(_xlfn.POISSON.DIST(ROW($1:$8)-1,$AK93,FALSE)*_xlfn.POISSON.DIST(TRANSPOSE(ROW($1:$8)-1),$AL93,FALSE)*((ROW($1:$8)-1)<(TRANSPOSE(ROW($1:$8)-1))))} -> 6.5169388 | AS93: =1-SUM(1/AN93,1/AO93,1/AP93) -> 0.0015884299 | BA93: =IF(ROUND(BC93,0)=ROUND(BC92,0),BA92,3) -> 1 | BB93: =ROUND(BC93,0) -> 2 | BC93: =MIN(MAX(BD91:BD93),MAX(BD91,BD92,BD94),MAX(BD91,BD93,BD94),MAX(BD92:BD94)) -> 2.47 | BD93: =SUM(BV93:BY93)+2.47 -> 2.47 | BE93: =R92 -> Iraq | BF93: =SUM(BJ93:BM93) -> 0 | BG93: =S92+T93+T96 -> 0 | BH93: =T92+S93+S96 -> 0 | BI93: =BG93-BH93 -> 0 | BJ93: =IF(ISBLANK(T93),0,IF(BL91=3,0,IF(BL91=1,1,3))) -> 0 | BK93: =IF(ISBLANK(T96),0,IF(T96>S96,3,IF(T96=S96,1,0))) -> 0 | BL93: x | BM93: =IF(ISBLANK(S92),0,IF(S92>T92,3,IF(S92=T92,1,0))) -> 0 | BN93: =10*(BI91-BI93)+BG91-BG93<0 -> FALSE | BO93: =10*(BI92-BI93)+BG92-BG93<0 -> FALSE | BP93: x | BQ93: =10*(BI93-BI94)+BG93-BG94>0 -> FALSE | BR93: =10000*(BJ93+BK93)+(T93-S93+T96-S96)*100+(T93+T96) -> 0 | BS93: x | BT93: =10000*(BJ93+BM93)+(S92-T92+T93-S93)*100+(S92+T93) -> 0 | BU93: =10000*(BK93+BM93)+(S92-T92+T96-S96)*100+(S92+T96) -> 0 | BV93: =-BX91 -> 0 | BW93: =-BX92 -> 0 | BX93: x | BY93: =IF($BF93>$BF94,-0.5,IF($BF94>$BF93,0.5,IF(BQ93,-0.5,IF(BP94,0.5,CO93)))) -> 0 | CN93: x | CO93: =IF($CJ91,IF(T92-S92<0,-0.5,IF(S92-T92<0,0.5,0)),IF($CC91,IF($BT93>$BT94,-0.5,IF($BT93<$BT94,0.5,0)),IF($CD91,IF($BU93>$BU94,-0.5,IF($BU93<$BU94,0.5,0)),0))) -> 0
A94: =IF(OR(ISBLANK(S94),ISBLANK(T94)),1,0) -> 1 | C94: 42 | D94: I4 | E94: Group | F94: Group I | G94: =R94 -> Norway | H94: =AN94 -> 3.4184372 | J94: Draw | K94: =AO94 -> 4.0555338 | M94: =U94 -> Senegal | N94: =AP94 -> 2.1711326 | P94: 46196 | Q94: 0.083333333 | R94: =U92 -> Norway | U94: =U91 -> Senegal | W94: =BA94 -> 1 | X94: =INDEX(BE91:BE94,MATCH(BC94,$BD91:$BD94,0)) -> Norway | Y94: =INDEX(BF91:BF94,MATCH(BC94,$BD91:$BD94,0)) -> 0 | Z94: =INDEX(BG91:BG94,MATCH(BC94,$BD91:$BD94,0)) -> 0 | AA94: =INDEX(BH91:BH94,MATCH(BC94,$BD91:$BD94,0)) -> 0 | AB94: =INDEX(BI91:BI94,MATCH(BC94,$BD91:$BD94,0)) -> 0 | AE94: =R94 -> Norway | AF94: =U94 -> Senegal | AG94: =_xlfn.XLOOKUP(AE94,'FIFA rankings'!$B:$B,'FIFA rankings'!$D:$D) -> 1550.94 | AH94: =_xlfn.XLOOKUP(AF94,'FIFA rankings'!$B:$B,'FIFA rankings'!$D:$D) -> 1688.99 | AI94: =IFERROR(AG94-AH94,"n.a.") -> -138.05 | AK94: =IFERROR($AI$7*POWER(10,$AI94/$AI$6),"n.a.") -> 1.2251714 | AL94: =IFERROR($AI$7*POWER(10,-$AI94/$AI$6),"n.a.") -> 1.5997761 | AN94: {=1/SUMPRODUCT(_xlfn.POISSON.DIST(ROW($1:$8)-1,$AK94,FALSE)*_xlfn.POISSON.DIST(TRANSPOSE(ROW($1:$8)-1),$AL94,FALSE)*((ROW($1:$8)-1)>(TRANSPOSE(ROW($1:$8)-1))))} -> 3.4184372 | AO94: {=1/SUMPRODUCT(_xlfn.POISSON.DIST(ROW($1:$8)-1,$AK94,FALSE)*_xlfn.POISSON.DIST(TRANSPOSE(ROW($1:$8)-1),$AL94,FALSE)*((ROW($1:$8)-1)=(TRANSPOSE(ROW($1:$8)-1))))} -> 4.0555338 | AP94: {=1/SUMPRODUCT(_xlfn.POISSON.DIST(ROW($1:$8)-1,$AK94,FALSE)*_xlfn.POISSON.DIST(TRANSPOSE(ROW($1:$8)-1),$AL94,FALSE)*((ROW($1:$8)-1)<(TRANSPOSE(ROW($1:$8)-1))))} -> 2.1711326 | AS94: =1-SUM(1/AN94,1/AO94,1/AP94) -> 0.00030289592 | BA94: =IF(ROUND(BC94,0)=ROUND(BC93,0),BA93,4) -> 1 | BB94: =ROUND(BC94,0) -> 2 | BC94: =MAX(BD91:BD94) -> 2.48 | BD94: =SUM(BV94:BY94)+2.48 -> 2.48 | BE94: =U92 -> Norway | BF94: =SUM(BJ94:BM94) -> 0 | BG94: =T92+S94+S95 -> 0 | BH94: =S92+T94+T95 -> 0 | BI94: =BG94-BH94 -> 0 | BJ94: =IF(ISBLANK(S95),0,IF(BM91=3,0,IF(BM91=1,1,3))) -> 0 | BK94: =IF(ISBLANK(S94),0,IF(BM92=3,0,IF(BM92=1,1,3))) -> 0 | BL94: =IF(ISBLANK(T92),0,IF(BM93=3,0,IF(BM93=1,1,3))) -> 0 | BM94: x | BN94: =10*(BI91-BI94)+BG91-BG94<0 -> FALSE | BO94: =10*(BI92-BI94)+BG92-BG94<0 -> FALSE | BP94: =10*(BI93-BI94)+BG93-BG94<0 -> FALSE | BQ94: x | BR94: x | BS94: =10000*(BJ94+BK94)+(S94-T94+S95-T95)*100+(S94+S95) -> 0 | BT94: =10000*(BJ94+BL94)+(S95-T95+T92-S92)*100+(S95+T92) -> 0 | BU94: =10000*(BK94+BL94)+(S94-T94+T92-S92)*100+(S94+T92) -> 0 | BV94: =-BY91 -> 0 | BW94: =-BY92 -> 0 | BX94: =-BY93 -> 0 | BY94: x | CO94: x
A95: =IF(OR(ISBLANK(S95),ISBLANK(T95)),1,0) -> 1 | C95: 61 | E95: Group | F95: Group I | G95: =R95 -> Norway | H95: =AN95 -> 5.0723575 | J95: Draw | K95: =AO95 -> 4.5518366 | M95: =U95 -> France | N95: =AP95 -> 1.7173154 | P95: 46199 | Q95: 0.875 | R95: =U92 -> Norway | U95: =R91 -> France | X95: =IF(OR(W93<3,W92<2),"TIRAGE AU SORT !!!"," ") -> TIRAGE AU SORT !!! | AE95: =R95 -> Norway | AF95: =U95 -> France | AG95: =_xlfn.XLOOKUP(AE95,'FIFA rankings'!$B:$B,'FIFA rankings'!$D:$D) -> 1550.94 | AH95: =_xlfn.XLOOKUP(AF95,'FIFA rankings'!$B:$B,'FIFA rankings'!$D:$D) -> 1877.32 | AI95: =IFERROR(AG95-AH95,"n.a.") -> -326.38 | AK95: =IFERROR($AI$7*POWER(10,$AI95/$AI$6),"n.a.") -> 1.0213303 | AL95: =IFERROR($AI$7*POWER(10,-$AI95/$AI$6),"n.a.") -> 1.9190657 | AN95: {=1/SUMPRODUCT(_xlfn.POISSON.DIST(ROW($1:$8)-1,$AK95,FALSE)*_xlfn.POISSON.DIST(TRANSPOSE(ROW($1:$8)-1),$AL95,FALSE)*((ROW($1:$8)-1)>(TRANSPOSE(ROW($1:$8)-1))))} -> 5.0723575 | AO95: {=1/SUMPRODUCT(_xlfn.POISSON.DIST(ROW($1:$8)-1,$AK95,FALSE)*_xlfn.POISSON.DIST(TRANSPOSE(ROW($1:$8)-1),$AL95,FALSE)*((ROW($1:$8)-1)=(TRANSPOSE(ROW($1:$8)-1))))} -> 4.5518366 | AP95: {=1/SUMPRODUCT(_xlfn.POISSON.DIST(ROW($1:$8)-1,$AK95,FALSE)*_xlfn.POISSON.DIST(TRANSPOSE(ROW($1:$8)-1),$AL95,FALSE)*((ROW($1:$8)-1)<(TRANSPOSE(ROW($1:$8)-1))))} -> 1.7173154 | AS95: =1-SUM(1/AN95,1/AO95,1/AP95) -> 0.00085724245
A96: =IF(OR(ISBLANK(S96),ISBLANK(T96)),1,0) -> 1 | C96: 62 | E96: Group | F96: Group I | G96: =R96 -> Senegal | H96: =AN96 -> 1.8945183 | J96: Draw | K96: =AO96 -> 4.2713841 | M96: =U96 -> Iraq | N96: =AP96 -> 4.210122 | P96: 46199 | Q96: 0.875 | R96: =U91 -> Senegal | U96: =R92 -> Iraq | AE96: =R96 -> Senegal | AF96: =U96 -> Iraq | AG96: =_xlfn.XLOOKUP(AE96,'FIFA rankings'!$B:$B,'FIFA rankings'!$D:$D) -> 1688.99 | AH96: =_xlfn.XLOOKUP(AF96,'FIFA rankings'!$B:$B,'FIFA rankings'!$D:$D) -> 1447.14 | AI96: =IFERROR(AG96-AH96,"n.a.") -> 241.85 | AK96: =IFERROR($AI$7*POWER(10,$AI96/$AI$6),"n.a.") -> 1.7685517 | AL96: =IFERROR($AI$7*POWER(10,-$AI96/$AI$6),"n.a.") -> 1.1082515 | AN96: {=1/SUMPRODUCT(_xlfn.POISSON.DIST(ROW($1:$8)-1,$AK96,FALSE)*_xlfn.POISSON.DIST(TRANSPOSE(ROW($1:$8)-1),$AL96,FALSE)*((ROW($1:$8)-1)>(TRANSPOSE(ROW($1:$8)-1))))} -> 1.8945183 | AO96: {=1/SUMPRODUCT(_xlfn.POISSON.DIST(ROW($1:$8)-1,$AK96,FALSE)*_xlfn.POISSON.DIST(TRANSPOSE(ROW($1:$8)-1),$AL96,FALSE)*((ROW($1:$8)-1)=(TRANSPOSE(ROW($1:$8)-1))))} -> 4.2713841 | AP96: {=1/SUMPRODUCT(_xlfn.POISSON.DIST(ROW($1:$8)-1,$AK96,FALSE)*_xlfn.POISSON.DIST(TRANSPOSE(ROW($1:$8)-1),$AL96,FALSE)*((ROW($1:$8)-1)<(TRANSPOSE(ROW($1:$8)-1))))} -> 4.210122 | AS96: =1-SUM(1/AN96,1/AO96,1/AP96) -> 0.00052238518
F98: Group J | G98: =$F98 & " / Odds" -> Group J / Odds | P98: =$F98 & " / Results" -> Group J / Results | X98: =X90 -> Ranking | Y98: Pts | Z98: GF | AA98: GA | AB98: ="+/-" -> +/- | BD98: Rank | BE98: Team | BF98: Pts | BG98: GF | BH98: GA | BI98: GD | BJ98: Ag1 | BK98: Ag2 | BL98: Ag3 | BM98: Ag4 | BN98: Sp1 | BO98: Sp2 | BP98: Sp3 | BQ98: Sp4 | BR98: T123 | BS98: T124 | BT98: T134 | BU98: T234 | BV98: Rk1 | BW98: Rk2 | BX98: Rk3 | BY98: Rk4 | BZ98: T1234 | CA98: T123 | CB98: T124 | CC98: T134 | CD98: T234 | CE98: T12 | CF98: T13 | CG98: T14 | CH98: T23 | CI98: T24 | CJ98: T34 | CK98: NoT | CL98: sRk1 | CM98: sRk2 | CN98: sRk3 | CO98: sRk4
A99: =IF(OR(ISBLANK(S99),ISBLANK(T99)),1,0) -> 1 | C99: 19 | D99: J1 | E99: Group | F99: Group J | G99: =R99 -> Argentina | H99: =AN99 -> 1.7477061 | J99: Draw | K99: =AO99 -> 4.491302 | M99: =U99 -> Algeria | N99: =AP99 -> 4.8926444 | P99: 46190 | Q99: 0.125 | R99: Argentina | U99: Algeria | W99: =BA99 -> 1 | X99: =INDEX(BE99:BE102,MATCH(BC99,$BD99:$BD102,0)) -> Argentina | Y99: =INDEX(BF99:BF102,MATCH(BC99,$BD99:$BD102,0)) -> 0 | Z99: =INDEX(BG99:BG102,MATCH(BC99,$BD99:$BD102,0)) -> 0 | AA99: =INDEX(BH99:BH102,MATCH(BC99,$BD99:$BD102,0)) -> 0 | AB99: =INDEX(BI99:BI102,MATCH(BC99,$BD99:$BD102,0)) -> 0 | AE99: =R99 -> Argentina | AF99: =U99 -> Algeria | AG99: =_xlfn.XLOOKUP(AE99,'FIFA rankings'!$B:$B,'FIFA rankings'!$D:$D) -> 1874.81 | AH99: =_xlfn.XLOOKUP(AF99,'FIFA rankings'!$B:$B,'FIFA rankings'!$D:$D) -> 1564.26 | AI99: =IFERROR(AG99-AH99,"n.a.") -> 310.55 | AK99: =IFERROR($AI$7*POWER(10,$AI99/$AI$6),"n.a.") -> 1.8899354 | AL99: =IFERROR($AI$7*POWER(10,-$AI99/$AI$6),"n.a.") -> 1.0370725 | AN99: {=1/SUMPRODUCT(_xlfn.POISSON.DIST(ROW($1:$8)-1,$AK99,FALSE)*_xlfn.POISSON.DIST(TRANSPOSE(ROW($1:$8)-1),$AL99,FALSE)*((ROW($1:$8)-1)>(TRANSPOSE(ROW($1:$8)-1))))} -> 1.7477061 | AO99: {=1/SUMPRODUCT(_xlfn.POISSON.DIST(ROW($1:$8)-1,$AK99,FALSE)*_xlfn.POISSON.DIST(TRANSPOSE(ROW($1:$8)-1),$AL99,FALSE)*((ROW($1:$8)-1)=(TRANSPOSE(ROW($1:$8)-1))))} -> 4.491302 | AP99: {=1/SUMPRODUCT(_xlfn.POISSON.DIST(ROW($1:$8)-1,$AK99,FALSE)*_xlfn.POISSON.DIST(TRANSPOSE(ROW($1:$8)-1),$AL99,FALSE)*((ROW($1:$8)-1)<(TRANSPOSE(ROW($1:$8)-1))))} -> 4.8926444 | AS99: =1-SUM(1/AN99,1/AO99,1/AP99) -> 0.00078038226 | BA99: 1 | BB99: =ROUND(BC99,0) -> 2 | BC99: =MIN(BD99:BD102) -> 2.45 | BD99: =SUM(BV99:BY99)+2.45 -> 2.45 | BE99: =R99 -> Argentina | BF99: =SUM(BJ99:BM99) -> 0 | BG99: =S99+S101+T103 -> 0 | BH99: =T99+T101+S103 -> 0 | BI99: =BG99-BH99 -> 0 | BJ99: x | BK99: =IF(ISBLANK(S99),0,IF(S99>T99,3,IF(S99=T99,1,0))) -> 0 | BL99: =IF(ISBLANK(S101),0,IF(S101>T101,3,IF(S101=T101,1,0))) -> 0 | BM99: =IF(ISBLANK(T103),0,IF(T103>S103,3,IF(T103=S103,1,0))) -> 0 | BN99: x | BO99: =(10*(BI99-BI100)+BG99-BG100>0) -> FALSE | BP99: =10*(BI99-BI101)+BG99-BG101>0 -> FALSE | BQ99: =10*(BI99-BI102)+BG99-BG102>0 -> FALSE | BR99: =10000*(BK99+BL99)+(S101-T101+S99-T99)*100+(S101+S99) -> 0 | BS99: =10000*(BK99+BM99)+(S99-T99+T103-S103)*100+(S99+T103) -> 0 | BT99: =10000*(BL99+BM99)+(T103-S103+S101-T101)*100+(T103+S101) -> 0 | BU99: x | BV99: x | BW99: =IF($BF99>$BF100,-0.5,IF($BF100>$BF99,0.5,IF(BO99,-0.5,IF(BN100,0.5,CM99)))) -> 0 | BX99: =IF($BF99>$BF101,-0.5,IF($BF101>$BF99,0.5,IF(BP99,-0.5,IF(BN101,0.5,CN99)))) -> 0 | BY99: =IF($BF99>$BF102,-0.5,IF($BF102>$BF99,0.5,IF(BQ99,-0.5,IF(BN102,0.5,CO99)))) -> 0 | BZ99: =AND(AND(BF99=BF100,BF100=BF101,BF101=BF102),AND(BG99=BG100,BG100=BG101,BG101=BG102),AND(BH99=BH100,BH100=BH101,BH101=BH102)) -> TRUE | CA99: =AND(NOT(BZ99),BF99=BF100,BF99=BF101,BG99=BG100,BG99=BG101,BH99=BH100,BH99=BH101) -> FALSE | CB99: =AND(NOT(BZ99),BF99=BF100,BF99=BF102,BG99=BG100,BG99=BG102,BH99=BH100,BH99=BH102) -> FALSE | CC99: =AND(NOT(BZ99),BF99=BF101,BF99=BF102,BG99=BG101,BG99=BG102,BH99=BH101,BH99=BH102) -> FALSE | CD99: =AND(NOT(BZ99),BF100=BF101,BF100=BF102,BG100=BG101,BG100=BG102,BH100=BH101,BH100=BH102) -> FALSE | CE99: =AND(NOT(BZ99),NOT(CA99),NOT(CB99),BF99=BF100,BG99=BG100,BH99=BH100) -> FALSE | CF99: =AND(NOT(BZ99),NOT(CA99),NOT(CC99),BF99=BF101,BG99=BG101,BH99=BH101) -> FALSE | CG99: =AND(NOT(BZ99),NOT(CB99),NOT(CC99),BF99=BF102,BG99=BG102,BH99=BH102) -> FALSE | CH99: =AND(NOT(BZ99),NOT(CA99),NOT(CD99),BF100=BF101,BG100=BG101) -> FALSE | CI99: =AND(NOT(BZ99),NOT(CB99),NOT(CD99),BF100=BF102,BG100=BG102,BH100=BH102) -> FALSE | CJ99: =AND(NOT(BZ99),NOT(CC99),NOT(CD99),BF101=BF102,BG101=BG102,BH101=BH102) -> FALSE | CK99: {=AND(NOT(BZ99:CJ99))} -> FALSE | CL99: x | CM99: =IF($CE99,IF(T99-S99<0,-0.5,IF(S99-T99<0,0.5,0)),IF($CA99,IF($BR99>$BR100,-0.5,IF($BR99<$BR100,0.5,0)),IF($CB99,IF($BS99>$BS100,-0.5, IF($BS99<$BS100,0.5,0)),0))) -> 0 | CN99: =IF($CF99,IF(T101-S101<0,-0.5,IF(S101-T101<0,0.5,0)),IF($CA99,IF($BR99>$BR101,-0.5,IF($BR99<$BR101,0.5,0)),IF($CC99,IF($BT99>$BT101,-0.5,IF($BT99<$BT101,0.5,0)),0))) -> 0 | CO99: =IF($CG99,IF(S103-T103<0,-0.5,IF(T103-S103<0,0.5,0)),IF($CB99,IF($BS99>$BS102,-0.5,IF($BS99<$BS102,0.5,0)),IF($CC99,IF($BT99>$BT102,-0.5, IF($BT99<$BT102,0.5,0)),0))) -> 0
A100: =IF(OR(ISBLANK(S100),ISBLANK(T100)),1,0) -> 1 | C100: 20 | D100: J2 | E100: Group | F100: Group J | G100: =R100 -> Austria | H100: =AN100 -> 1.9921149 | J100: Draw | K100: =AO100 -> 4.173018 | M100: =U100 -> Jordan | N100: =AP100 -> 3.8764483 | P100: 46190 | Q100: 0.25 | R100: Austria | U100: Jordan | W100: =BA100 -> 1 | X100: =INDEX(BE99:BE102,MATCH(BC100,$BD99:$BD102,0)) -> Algeria | Y100: =INDEX(BF99:BF102,MATCH(BC100,$BD99:$BD102,0)) -> 0 | Z100: =INDEX(BG99:BG102,MATCH(BC100,$BD99:$BD102,0)) -> 0 | AA100: =INDEX(BH99:BH102,MATCH(BC100,$BD99:$BD102,0)) -> 0 | AB100: =INDEX(BI99:BI102,MATCH(BC100,$BD99:$BD102,0)) -> 0 | AE100: =R100 -> Austria | AF100: =U100 -> Jordan | AG100: =_xlfn.XLOOKUP(AE100,'FIFA rankings'!$B:$B,'FIFA rankings'!$D:$D) -> 1593.45 | AH100: =_xlfn.XLOOKUP(AF100,'FIFA rankings'!$B:$B,'FIFA rankings'!$D:$D) -> 1391.45 | AI100: =IFERROR(AG100-AH100,"n.a.") -> 202 | AK100: =IFERROR($AI$7*POWER(10,$AI100/$AI$6),"n.a.") -> 1.7017476 | AL100: =IFERROR($AI$7*POWER(10,-$AI100/$AI$6),"n.a.") -> 1.1517572 | AN100: {=1/SUMPRODUCT(_xlfn.POISSON.DIST(ROW($1:$8)-1,$AK100,FALSE)*_xlfn.POISSON.DIST(TRANSPOSE(ROW($1:$8)-1),$AL100,FALSE)*((ROW($1:$8)-1)>(TRANSPOSE(ROW($1:$8)-1))))} -> 1.9921149 | AO100: {=1/SUMPRODUCT(_xlfn.POISSON.DIST(ROW($1:$8)-1,$AK100,FALSE)*_xlfn.POISSON.DIST(TRANSPOSE(ROW($1:$8)-1),$AL100,FALSE)*((ROW($1:$8)-1)=(TRANSPOSE(ROW($1:$8)-1))))} -> 4.173018 | AP100: {=1/SUMPRODUCT(_xlfn.POISSON.DIST(ROW($1:$8)-1,$AK100,FALSE)*_xlfn.POISSON.DIST(TRANSPOSE(ROW($1:$8)-1),$AL100,FALSE)*((ROW($1:$8)-1)<(TRANSPOSE(ROW($1:$8)-1))))} -> 3.8764483 | AS100: =1-SUM(1/AN100,1/AO100,1/AP100) -> 0.00041811019 | BA100: =IF(ROUND(BC100,0)=ROUND(BC99,0),BA99,2) -> 1 | BB100: =ROUND(BC100,0) -> 2 | BC100: =MAX(MIN(BD99:BD101),MIN(BD99,BD100,BD102),MIN(BD99,BD101,BD102),MIN(BD100:BD102)) -> 2.46 | BD100: =SUM(BV100:BY100)+2.46 -> 2.46 | BE100: =U99 -> Algeria | BF100: =SUM(BJ100:BM100) -> 0 | BG100: =T99+T102+S104 -> 0 | BH100: =S99+S102+T104 -> 0 | BI100: =BG100-BH100 -> 0 | BJ100: =IF(ISBLANK(T99),0,IF(BK99=3,0,IF(BK99=1,1,3))) -> 0 | BK100: x | BL100: =IF(ISBLANK(S104),0,IF(BK101=3,0,IF(BK101=1,1,3))) -> 0 | BM100: =IF(ISBLANK(T102),0,IF(T102>S102,3,IF(T102=S102,1,0))) -> 0 | BN100: =(10*(BI99-BI100)+BG99-BG100<0) -> FALSE | BO100: x | BP100: =10*(BI100-BI101)+BG100-BG101>0 -> FALSE | BQ100: =10*(BI100-BI102)+BG100-BG102>0 -> FALSE | BR100: =10000*(BJ100+BL100)+(T99-S99+S104-T104)*100+(T99+S104) -> 0 | BS100: =10000*(BJ100+BM100)+(T99-S99+T102-S102)*100+(T99+T102) -> 0 | BT100: x | BU100: =10000*(BL100+BM100)+(T102-S102+S104-T104)*100+(T102+S104) -> 0 | BV100: =-BW99 -> 0 | BW100: x | BX100: =IF($BF100>$BF101,-0.5,IF($BF101>$BF100,0.5,IF(BP100,-0.5,IF(BO101,0.5,CN100)))) -> 0 | BY100: =IF($BF100>$BF102,-0.5,IF($BF102>$BF100,0.5,IF(BQ100,-0.5,IF(BO102,0.5,CO100)))) -> 0 | CM100: x | CN100: =IF($CH99,IF(T104-S104<0,-0.5,IF(S104-T104<0,0.5,0)),IF($CA99,IF($BR100>$BR101,-0.5,IF($BR100<$BR101,0.5,0)),IF($CD99,IF($BU100>$BU101,-0.5,IF($BU100<$BU101,0.5,0)),0))) -> 0 | CO100: =IF($CI99,IF(S102-T102<0,-0.5,IF(T102-S102<0,0.5,0)),IF($CB99,IF($BS100>$BS102,-0.5,IF($BS100<$BS102,0.5,0)),IF($CD99,IF($BU100>$BU102,-0.5,IF($BU100<$BU102,0.5,0)),0))) -> 0
A101: =IF(OR(ISBLANK(S101),ISBLANK(T101)),1,0) -> 1 | C101: 43 | D101: J3 | E101: Group | F101: Group J | G101: =R101 -> Argentina | H101: =AN101 -> 1.8070029 | J101: Draw | K101: =AO101 -> 4.389647 | M101: =U101 -> Austria | N101: =AP101 -> 4.5843848 | P101: 46195 | Q101: 0.79166667 | R101: =R99 -> Argentina | U101: =R100 -> Austria | W101: =BA101 -> 1 | X101: =INDEX(BE99:BE102,MATCH(BC101,$BD99:$BD102,0)) -> Austria | Y101: =INDEX(BF99:BF102,MATCH(BC101,$BD99:$BD102,0)) -> 0 | Z101: =INDEX(BG99:BG102,MATCH(BC101,$BD99:$BD102,0)) -> 0 | AA101: =INDEX(BH99:BH102,MATCH(BC101,$BD99:$BD102,0)) -> 0 | AB101: =INDEX(BI99:BI102,MATCH(BC101,$BD99:$BD102,0)) -> 0 | AE101: =R101 -> Argentina | AF101: =U101 -> Austria | AG101: =_xlfn.XLOOKUP(AE101,'FIFA rankings'!$B:$B,'FIFA rankings'!$D:$D) -> 1874.81 | AH101: =_xlfn.XLOOKUP(AF101,'FIFA rankings'!$B:$B,'FIFA rankings'!$D:$D) -> 1593.45 | AI101: =IFERROR(AG101-AH101,"n.a.") -> 281.36 | AK101: =IFERROR($AI$7*POWER(10,$AI101/$AI$6),"n.a.") -> 1.8373745 | AL101: =IFERROR($AI$7*POWER(10,-$AI101/$AI$6),"n.a.") -> 1.0667395 | AN101: {=1/SUMPRODUCT(_xlfn.POISSON.DIST(ROW($1:$8)-1,$AK101,FALSE)*_xlfn.POISSON.DIST(TRANSPOSE(ROW($1:$8)-1),$AL101,FALSE)*((ROW($1:$8)-1)>(TRANSPOSE(ROW($1:$8)-1))))} -> 1.8070029 | AO101: {=1/SUMPRODUCT(_xlfn.POISSON.DIST(ROW($1:$8)-1,$AK101,FALSE)*_xlfn.POISSON.DIST(TRANSPOSE(ROW($1:$8)-1),$AL101,FALSE)*((ROW($1:$8)-1)=(TRANSPOSE(ROW($1:$8)-1))))} -> 4.389647 | AP101: {=1/SUMPRODUCT(_xlfn.POISSON.DIST(ROW($1:$8)-1,$AK101,FALSE)*_xlfn.POISSON.DIST(TRANSPOSE(ROW($1:$8)-1),$AL101,FALSE)*((ROW($1:$8)-1)<(TRANSPOSE(ROW($1:$8)-1))))} -> 4.5843848 | AS101: =1-SUM(1/AN101,1/AO101,1/AP101) -> 0.00065693001 | BA101: =IF(ROUND(BC101,0)=ROUND(BC100,0),BA100,3) -> 1 | BB101: =ROUND(BC101,0) -> 2 | BC101: =MIN(MAX(BD99:BD101),MAX(BD99,BD100,BD102),MAX(BD99,BD101,BD102),MAX(BD100:BD102)) -> 2.47 | BD101: =SUM(BV101:BY101)+2.47 -> 2.47 | BE101: =R100 -> Austria | BF101: =SUM(BJ101:BM101) -> 0 | BG101: =S100+T101+T104 -> 0 | BH101: =T100+S101+S104 -> 0 | BI101: =BG101-BH101 -> 0 | BJ101: =IF(ISBLANK(T101),0,IF(BL99=3,0,IF(BL99=1,1,3))) -> 0 | BK101: =IF(ISBLANK(T104),0,IF(T104>S104,3,IF(T104=S104,1,0))) -> 0 | BL101: x | BM101: =IF(ISBLANK(S100),0,IF(S100>T100,3,IF(S100=T100,1,0))) -> 0 | BN101: =10*(BI99-BI101)+BG99-BG101<0 -> FALSE | BO101: =10*(BI100-BI101)+BG100-BG101<0 -> FALSE | BP101: x | BQ101: =10*(BI101-BI102)+BG101-BG102>0 -> FALSE | BR101: =10000*(BJ101+BK101)+(T101-S101+T104-S104)*100+(T101+T104) -> 0 | BS101: x | BT101: =10000*(BJ101+BM101)+(S100-T100+T101-S101)*100+(S100+T101) -> 0 | BU101: =10000*(BK101+BM101)+(S100-T100+T104-S104)*100+(S100+T104) -> 0 | BV101: =-BX99 -> 0 | BW101: =-BX100 -> 0 | BX101: x | BY101: =IF($BF101>$BF102,-0.5,IF($BF102>$BF101,0.5,IF(BQ101,-0.5,IF(BP102,0.5,CO101)))) -> 0 | CN101: x | CO101: =IF($CJ99,IF(T100-S100<0,-0.5,IF(S100-T100<0,0.5,0)),IF($CC99,IF($BT101>$BT102,-0.5,IF($BT101<$BT102,0.5,0)),IF($CD99,IF($BU101>$BU102,-0.5,IF($BU101<$BU102,0.5,0)),0))) -> 0
A102: =IF(OR(ISBLANK(S102),ISBLANK(T102)),1,0) -> 1 | C102: 44 | D102: J4 | E102: Group | F102: Group J | G102: =R102 -> Jordan | H102: =AN102 -> 3.6565003 | J102: Draw | K102: =AO102 -> 4.1134417 | M102: =U102 -> Algeria | N102: =AP102 -> 2.0701764 | P102: 46196 | Q102: 0.20833333 | R102: =U100 -> Jordan | U102: =U99 -> Algeria | W102: =BA102 -> 1 | X102: =INDEX(BE99:BE102,MATCH(BC102,$BD99:$BD102,0)) -> Jordan | Y102: =INDEX(BF99:BF102,MATCH(BC102,$BD99:$BD102,0)) -> 0 | Z102: =INDEX(BG99:BG102,MATCH(BC102,$BD99:$BD102,0)) -> 0 | AA102: =INDEX(BH99:BH102,MATCH(BC102,$BD99:$BD102,0)) -> 0 | AB102: =INDEX(BI99:BI102,MATCH(BC102,$BD99:$BD102,0)) -> 0 | AE102: =R102 -> Jordan | AF102: =U102 -> Algeria | AG102: =_xlfn.XLOOKUP(AE102,'FIFA rankings'!$B:$B,'FIFA rankings'!$D:$D) -> 1391.45 | AH102: =_xlfn.XLOOKUP(AF102,'FIFA rankings'!$B:$B,'FIFA rankings'!$D:$D) -> 1564.26 | AI102: =IFERROR(AG102-AH102,"n.a.") -> -172.81 | AK102: =IFERROR($AI$7*POWER(10,$AI102/$AI$6),"n.a.") -> 1.1847049 | AL102: =IFERROR($AI$7*POWER(10,-$AI102/$AI$6),"n.a.") -> 1.6544204 | AN102: {=1/SUMPRODUCT(_xlfn.POISSON.DIST(ROW($1:$8)-1,$AK102,FALSE)*_xlfn.POISSON.DIST(TRANSPOSE(ROW($1:$8)-1),$AL102,FALSE)*((ROW($1:$8)-1)>(TRANSPOSE(ROW($1:$8)-1))))} -> 3.6565003 | AO102: {=1/SUMPRODUCT(_xlfn.POISSON.DIST(ROW($1:$8)-1,$AK102,FALSE)*_xlfn.POISSON.DIST(TRANSPOSE(ROW($1:$8)-1),$AL102,FALSE)*((ROW($1:$8)-1)=(TRANSPOSE(ROW($1:$8)-1))))} -> 4.1134417 | AP102: {=1/SUMPRODUCT(_xlfn.POISSON.DIST(ROW($1:$8)-1,$AK102,FALSE)*_xlfn.POISSON.DIST(TRANSPOSE(ROW($1:$8)-1),$AL102,FALSE)*((ROW($1:$8)-1)<(TRANSPOSE(ROW($1:$8)-1))))} -> 2.0701764 | AS102: =1-SUM(1/AN102,1/AO102,1/AP102) -> 0.00035840068 | BA102: =IF(ROUND(BC102,0)=ROUND(BC101,0),BA101,4) -> 1 | BB102: =ROUND(BC102,0) -> 2 | BC102: =MAX(BD99:BD102) -> 2.48 | BD102: =SUM(BV102:BY102)+2.48 -> 2.48 | BE102: =U100 -> Jordan | BF102: =SUM(BJ102:BM102) -> 0 | BG102: =T100+S102+S103 -> 0 | BH102: =S100+T102+T103 -> 0 | BI102: =BG102-BH102 -> 0 | BJ102: =IF(ISBLANK(S103),0,IF(BM99=3,0,IF(BM99=1,1,3))) -> 0 | BK102: =IF(ISBLANK(S102),0,IF(BM100=3,0,IF(BM100=1,1,3))) -> 0 | BL102: =IF(ISBLANK(T100),0,IF(BM101=3,0,IF(BM101=1,1,3))) -> 0 | BM102: x | BN102: =10*(BI99-BI102)+BG99-BG102<0 -> FALSE | BO102: =10*(BI100-BI102)+BG100-BG102<0 -> FALSE | BP102: =10*(BI101-BI102)+BG101-BG102<0 -> FALSE | BQ102: x | BR102: x | BS102: =10000*(BJ102+BK102)+(S102-T102+S103-T103)*100+(S102+S103) -> 0 | BT102: =10000*(BJ102+BL102)+(S103-T103+T100-S100)*100+(S103+T100) -> 0 | BU102: =10000*(BK102+BL102)+(S102-T102+T100-S100)*100+(S102+T100) -> 0 | BV102: =-BY99 -> 0 | BW102: =-BY100 -> 0 | BX102: =-BY101 -> 0 | BY102: x | CO102: x
A103: =IF(OR(ISBLANK(S103),ISBLANK(T103)),1,0) -> 1 | C103: 69 | E103: Group | F103: Group J | G103: =R103 -> Jordan | H103: =AN103 -> 7.4829528 | J103: Draw | K103: =AO103 -> 5.3984677 | M103: =U103 -> Argentina | N103: =AP103 -> 1.4728545 | P103: 46201 | Q103: 0.16666667 | R103: =U100 -> Jordan | U103: =R99 -> Argentina | X103: =IF(OR(W101<3,W100<2),"TIRAGE AU SORT !!!"," ") -> TIRAGE AU SORT !!! | AE103: =R103 -> Jordan | AF103: =U103 -> Argentina | AG103: =_xlfn.XLOOKUP(AE103,'FIFA rankings'!$B:$B,'FIFA rankings'!$D:$D) -> 1391.45 | AH103: =_xlfn.XLOOKUP(AF103,'FIFA rankings'!$B:$B,'FIFA rankings'!$D:$D) -> 1874.81 | AI103: =IFERROR(AG103-AH103,"n.a.") -> -483.36 | AK103: =IFERROR($AI$7*POWER(10,$AI103/$AI$6),"n.a.") -> 0.87758921 | AL103: =IFERROR($AI$7*POWER(10,-$AI103/$AI$6),"n.a.") -> 2.2333912 | AN103: {=1/SUMPRODUCT(_xlfn.POISSON.DIST(ROW($1:$8)-1,$AK103,FALSE)*_xlfn.POISSON.DIST(TRANSPOSE(ROW($1:$8)-1),$AL103,FALSE)*((ROW($1:$8)-1)>(TRANSPOSE(ROW($1:$8)-1))))} -> 7.4829528 | AO103: {=1/SUMPRODUCT(_xlfn.POISSON.DIST(ROW($1:$8)-1,$AK103,FALSE)*_xlfn.POISSON.DIST(TRANSPOSE(ROW($1:$8)-1),$AL103,FALSE)*((ROW($1:$8)-1)=(TRANSPOSE(ROW($1:$8)-1))))} -> 5.3984677 | AP103: {=1/SUMPRODUCT(_xlfn.POISSON.DIST(ROW($1:$8)-1,$AK103,FALSE)*_xlfn.POISSON.DIST(TRANSPOSE(ROW($1:$8)-1),$AL103,FALSE)*((ROW($1:$8)-1)<(TRANSPOSE(ROW($1:$8)-1))))} -> 1.4728545 | AS103: =1-SUM(1/AN103,1/AO103,1/AP103) -> 0.0021714615
A104: =IF(OR(ISBLANK(S104),ISBLANK(T104)),1,0) -> 1 | C104: 70 | E104: Group | F104: Group J | G104: =R104 -> Algeria | H104: =AN104 -> 2.8109922 | J104: Draw | K104: =AO104 -> 3.960018 | M104: =U104 -> Austria | N104: =AP104 -> 2.5541953 | P104: 46201 | Q104: 0.16666667 | R104: =U99 -> Algeria | U104: =R100 -> Austria | AE104: =R104 -> Algeria | AF104: =U104 -> Austria | AG104: =_xlfn.XLOOKUP(AE104,'FIFA rankings'!$B:$B,'FIFA rankings'!$D:$D) -> 1564.26 | AH104: =_xlfn.XLOOKUP(AF104,'FIFA rankings'!$B:$B,'FIFA rankings'!$D:$D) -> 1593.45 | AI104: =IFERROR(AG104-AH104,"n.a.") -> -29.19 | AK104: =IFERROR($AI$7*POWER(10,$AI104/$AI$6),"n.a.") -> 1.3610647 | AL104: =IFERROR($AI$7*POWER(10,-$AI104/$AI$6),"n.a.") -> 1.4400491 | AN104: {=1/SUMPRODUCT(_xlfn.POISSON.DIST(ROW($1:$8)-1,$AK104,FALSE)*_xlfn.POISSON.DIST(TRANSPOSE(ROW($1:$8)-1),$AL104,FALSE)*((ROW($1:$8)-1)>(TRANSPOSE(ROW($1:$8)-1))))} -> 2.8109922 | AO104: {=1/SUMPRODUCT(_xlfn.POISSON.DIST(ROW($1:$8)-1,$AK104,FALSE)*_xlfn.POISSON.DIST(TRANSPOSE(ROW($1:$8)-1),$AL104,FALSE)*((ROW($1:$8)-1)=(TRANSPOSE(ROW($1:$8)-1))))} -> 3.960018 | AP104: {=1/SUMPRODUCT(_xlfn.POISSON.DIST(ROW($1:$8)-1,$AK104,FALSE)*_xlfn.POISSON.DIST(TRANSPOSE(ROW($1:$8)-1),$AL104,FALSE)*((ROW($1:$8)-1)<(TRANSPOSE(ROW($1:$8)-1))))} -> 2.5541953 | AS104: =1-SUM(1/AN104,1/AO104,1/AP104) -> 0.00021688574
F106: Group K | G106: =$F106 & " / Odds" -> Group K / Odds | P106: =$F106 & " / Results" -> Group K / Results | X106: =X98 -> Ranking | Y106: Pts | Z106: GF | AA106: GA | AB106: ="+/-" -> +/- | BD106: Rank | BE106: Team | BF106: Pts | BG106: GF | BH106: GA | BI106: GD | BJ106: Ag1 | BK106: Ag2 | BL106: Ag3 | BM106: Ag4 | BN106: Sp1 | BO106: Sp2 | BP106: Sp3 | BQ106: Sp4 | BR106: T123 | BS106: T124 | BT106: T134 | BU106: T234 | BV106: Rk1 | BW106: Rk2 | BX106: Rk3 | BY106: Rk4 | BZ106: T1234 | CA106: T123 | CB106: T124 | CC106: T134 | CD106: T234 | CE106: T12 | CF106: T13 | CG106: T14 | CH106: T23 | CI106: T24 | CJ106: T34 | CK106: NoT | CL106: sRk1 | CM106: sRk2 | CN106: sRk3 | CO106: sRk4
A107: =IF(OR(ISBLANK(S107),ISBLANK(T107)),1,0) -> 1 | C107: 23 | D107: K1 | E107: Group | F107: Group K | G107: =R107 -> Portugal | H107: =AN107 -> 1.7983681 | J107: Draw | K107: =AO107 -> 4.4032359 | M107: =U107 -> Congo DR | N107: =AP107 -> 4.6261685 | P107: 46190 | Q107: 0.79166667 | R107: Portugal | U107: Congo DR | W107: =BA107 -> 1 | X107: =INDEX(BE107:BE110,MATCH(BC107,$BD107:$BD110,0)) -> Portugal | Y107: =INDEX(BF107:BF110,MATCH(BC107,$BD107:$BD110,0)) -> 0 | Z107: =INDEX(BG107:BG110,MATCH(BC107,$BD107:$BD110,0)) -> 0 | AA107: =INDEX(BH107:BH110,MATCH(BC107,$BD107:$BD110,0)) -> 0 | AB107: =INDEX(BI107:BI110,MATCH(BC107,$BD107:$BD110,0)) -> 0 | AE107: =R107 -> Portugal | AF107: =U107 -> Congo DR | AG107: =_xlfn.XLOOKUP(AE107,'FIFA rankings'!$B:$B,'FIFA rankings'!$D:$D) -> 1763.83 | AH107: =_xlfn.XLOOKUP(AF107,'FIFA rankings'!$B:$B,'FIFA rankings'!$D:$D) -> 1478.35 | AI107: =IFERROR(AG107-AH107,"n.a.") -> 285.48 | AK107: =IFERROR($AI$7*POWER(10,$AI107/$AI$6),"n.a.") -> 1.8447037 | AL107: =IFERROR($AI$7*POWER(10,-$AI107/$AI$6),"n.a.") -> 1.0625013 | AN107: {=1/SUMPRODUCT(_xlfn.POISSON.DIST(ROW($1:$8)-1,$AK107,FALSE)*_xlfn.POISSON.DIST(TRANSPOSE(ROW($1:$8)-1),$AL107,FALSE)*((ROW($1:$8)-1)>(TRANSPOSE(ROW($1:$8)-1))))} -> 1.7983681 | AO107: {=1/SUMPRODUCT(_xlfn.POISSON.DIST(ROW($1:$8)-1,$AK107,FALSE)*_xlfn.POISSON.DIST(TRANSPOSE(ROW($1:$8)-1),$AL107,FALSE)*((ROW($1:$8)-1)=(TRANSPOSE(ROW($1:$8)-1))))} -> 4.4032359 | AP107: {=1/SUMPRODUCT(_xlfn.POISSON.DIST(ROW($1:$8)-1,$AK107,FALSE)*_xlfn.POISSON.DIST(TRANSPOSE(ROW($1:$8)-1),$AL107,FALSE)*((ROW($1:$8)-1)<(TRANSPOSE(ROW($1:$8)-1))))} -> 4.6261685 | AS107: =1-SUM(1/AN107,1/AO107,1/AP107) -> 0.00067301969 | BA107: 1 | BB107: =ROUND(BC107,0) -> 2 | BC107: =MIN(BD107:BD110) -> 2.45 | BD107: =SUM(BV107:BY107)+2.45 -> 2.45 | BE107: =R107 -> Portugal | BF107: =SUM(BJ107:BM107) -> 0 | BG107: =S107+S109+T111 -> 0 | BH107: =T107+T109+S111 -> 0 | BI107: =BG107-BH107 -> 0 | BJ107: x | BK107: =IF(ISBLANK(S107),0,IF(S107>T107,3,IF(S107=T107,1,0))) -> 0 | BL107: =IF(ISBLANK(S109),0,IF(S109>T109,3,IF(S109=T109,1,0))) -> 0 | BM107: =IF(ISBLANK(T111),0,IF(T111>S111,3,IF(T111=S111,1,0))) -> 0 | BN107: x | BO107: =(10*(BI107-BI108)+BG107-BG108>0) -> FALSE | BP107: =10*(BI107-BI109)+BG107-BG109>0 -> FALSE | BQ107: =10*(BI107-BI110)+BG107-BG110>0 -> FALSE | BR107: =10000*(BK107+BL107)+(S109-T109+S107-T107)*100+(S109+S107) -> 0 | BS107: =10000*(BK107+BM107)+(S107-T107+T111-S111)*100+(S107+T111) -> 0 | BT107: =10000*(BL107+BM107)+(T111-S111+S109-T109)*100+(T111+S109) -> 0 | BU107: x | BV107: x | BW107: =IF($BF107>$BF108,-0.5,IF($BF108>$BF107,0.5,IF(BO107,-0.5,IF(BN108,0.5,CM107)))) -> 0 | BX107: =IF($BF107>$BF109,-0.5,IF($BF109>$BF107,0.5,IF(BP107,-0.5,IF(BN109,0.5,CN107)))) -> 0 | BY107: =IF($BF107>$BF110,-0.5,IF($BF110>$BF107,0.5,IF(BQ107,-0.5,IF(BN110,0.5,CO107)))) -> 0 | BZ107: =AND(AND(BF107=BF108,BF108=BF109,BF109=BF110),AND(BG107=BG108,BG108=BG109,BG109=BG110),AND(BH107=BH108,BH108=BH109,BH109=BH110)) -> TRUE | CA107: =AND(NOT(BZ107),BF107=BF108,BF107=BF109,BG107=BG108,BG107=BG109,BH107=BH108,BH107=BH109) -> FALSE | CB107: =AND(NOT(BZ107),BF107=BF108,BF107=BF110,BG107=BG108,BG107=BG110,BH107=BH108,BH107=BH110) -> FALSE | CC107: =AND(NOT(BZ107),BF107=BF109,BF107=BF110,BG107=BG109,BG107=BG110,BH107=BH109,BH107=BH110) -> FALSE | CD107: =AND(NOT(BZ107),BF108=BF109,BF108=BF110,BG108=BG109,BG108=BG110,BH108=BH109,BH108=BH110) -> FALSE | CE107: =AND(NOT(BZ107),NOT(CA107),NOT(CB107),BF107=BF108,BG107=BG108,BH107=BH108) -> FALSE | CF107: =AND(NOT(BZ107),NOT(CA107),NOT(CC107),BF107=BF109,BG107=BG109,BH107=BH109) -> FALSE | CG107: =AND(NOT(BZ107),NOT(CB107),NOT(CC107),BF107=BF110,BG107=BG110,BH107=BH110) -> FALSE | CH107: =AND(NOT(BZ107),NOT(CA107),NOT(CD107),BF108=BF109,BG108=BG109) -> FALSE | CI107: =AND(NOT(BZ107),NOT(CB107),NOT(CD107),BF108=BF110,BG108=BG110,BH108=BH110) -> FALSE | CJ107: =AND(NOT(BZ107),NOT(CC107),NOT(CD107),BF109=BF110,BG109=BG110,BH109=BH110) -> FALSE | CK107: {=AND(NOT(BZ107:CJ107))} -> FALSE | CL107: x | CM107: =IF($CE107,IF(T107-S107<0,-0.5,IF(S107-T107<0,0.5,0)),IF($CA107,IF($BR107>$BR108,-0.5,IF($BR107<$BR108,0.5,0)),IF($CB107,IF($BS107>$BS108,-0.5, IF($BS107<$BS108,0.5,0)),0))) -> 0 | CN107: =IF($CF107,IF(T109-S109<0,-0.5,IF(S109-T109<0,0.5,0)),IF($CA107,IF($BR107>$BR109,-0.5,IF($BR107<$BR109,0.5,0)),IF($CC107,IF($BT107>$BT109,-0.5,IF($BT107<$BT109,0.5,0)),0))) -> 0 | CO107: =IF($CG107,IF(S111-T111<0,-0.5,IF(T111-S111<0,0.5,0)),IF($CB107,IF($BS107>$BS110,-0.5,IF($BS107<$BS110,0.5,0)),IF($CC107,IF($BT107>$BT110,-0.5, IF($BT107<$BT110,0.5,0)),0))) -> 0
A108: =IF(OR(ISBLANK(S108),ISBLANK(T108)),1,0) -> 1 | C108: 24 | D108: K2 | E108: Group | F108: Group K | G108: =R108 -> Uzbekistan | H108: =AN108 -> 4.0873544 | J108: Draw | K108: =AO108 -> 4.23426 | M108: =U108 -> Colombia | N108: =AP108 -> 1.9279265 | P108: 46191 | Q108: 0.16666667 | R108: Uzbekistan | U108: Colombia | W108: =BA108 -> 1 | X108: =INDEX(BE107:BE110,MATCH(BC108,$BD107:$BD110,0)) -> Congo DR | Y108: =INDEX(BF107:BF110,MATCH(BC108,$BD107:$BD110,0)) -> 0 | Z108: =INDEX(BG107:BG110,MATCH(BC108,$BD107:$BD110,0)) -> 0 | AA108: =INDEX(BH107:BH110,MATCH(BC108,$BD107:$BD110,0)) -> 0 | AB108: =INDEX(BI107:BI110,MATCH(BC108,$BD107:$BD110,0)) -> 0 | AE108: =R108 -> Uzbekistan | AF108: =U108 -> Colombia | AG108: =_xlfn.XLOOKUP(AE108,'FIFA rankings'!$B:$B,'FIFA rankings'!$D:$D) -> 1465.34 | AH108: =_xlfn.XLOOKUP(AF108,'FIFA rankings'!$B:$B,'FIFA rankings'!$D:$D) -> 1693.09 | AI108: =IFERROR(AG108-AH108,"n.a.") -> -227.75 | AK108: =IFERROR($AI$7*POWER(10,$AI108/$AI$6),"n.a.") -> 1.1234538 | AL108: =IFERROR($AI$7*POWER(10,-$AI108/$AI$6),"n.a.") -> 1.74462 | AN108: {=1/SUMPRODUCT(_xlfn.POISSON.DIST(ROW($1:$8)-1,$AK108,FALSE)*_xlfn.POISSON.DIST(TRANSPOSE(ROW($1:$8)-1),$AL108,FALSE)*((ROW($1:$8)-1)>(TRANSPOSE(ROW($1:$8)-1))))} -> 4.0873544 | AO108: {=1/SUMPRODUCT(_xlfn.POISSON.DIST(ROW($1:$8)-1,$AK108,FALSE)*_xlfn.POISSON.DIST(TRANSPOSE(ROW($1:$8)-1),$AL108,FALSE)*((ROW($1:$8)-1)=(TRANSPOSE(ROW($1:$8)-1))))} -> 4.23426 | AP108: {=1/SUMPRODUCT(_xlfn.POISSON.DIST(ROW($1:$8)-1,$AK108,FALSE)*_xlfn.POISSON.DIST(TRANSPOSE(ROW($1:$8)-1),$AL108,FALSE)*((ROW($1:$8)-1)<(TRANSPOSE(ROW($1:$8)-1))))} -> 1.9279265 | AS108: =1-SUM(1/AN108,1/AO108,1/AP108) -> 0.00048220635 | BA108: =IF(ROUND(BC108,0)=ROUND(BC107,0),BA107,2) -> 1 | BB108: =ROUND(BC108,0) -> 2 | BC108: =MAX(MIN(BD107:BD109),MIN(BD107,BD108,BD110),MIN(BD107,BD109,BD110),MIN(BD108:BD110)) -> 2.46 | BD108: =SUM(BV108:BY108)+2.46 -> 2.46 | BE108: =U107 -> Congo DR | BF108: =SUM(BJ108:BM108) -> 0 | BG108: =T107+T110+S112 -> 0 | BH108: =S107+S110+T112 -> 0 | BI108: =BG108-BH108 -> 0 | BJ108: =IF(ISBLANK(T107),0,IF(BK107=3,0,IF(BK107=1,1,3))) -> 0 | BK108: x | BL108: =IF(ISBLANK(S112),0,IF(BK109=3,0,IF(BK109=1,1,3))) -> 0 | BM108: =IF(ISBLANK(T110),0,IF(T110>S110,3,IF(T110=S110,1,0))) -> 0 | BN108: =(10*(BI107-BI108)+BG107-BG108<0) -> FALSE | BO108: x | BP108: =10*(BI108-BI109)+BG108-BG109>0 -> FALSE | BQ108: =10*(BI108-BI110)+BG108-BG110>0 -> FALSE | BR108: =10000*(BJ108+BL108)+(T107-S107+S112-T112)*100+(T107+S112) -> 0 | BS108: =10000*(BJ108+BM108)+(T107-S107+T110-S110)*100+(T107+T110) -> 0 | BT108: x | BU108: =10000*(BL108+BM108)+(T110-S110+S112-T112)*100+(T110+S112) -> 0 | BV108: =-BW107 -> 0 | BW108: x | BX108: =IF($BF108>$BF109,-0.5,IF($BF109>$BF108,0.5,IF(BP108,-0.5,IF(BO109,0.5,CN108)))) -> 0 | BY108: =IF($BF108>$BF110,-0.5,IF($BF110>$BF108,0.5,IF(BQ108,-0.5,IF(BO110,0.5,CO108)))) -> 0 | CM108: x | CN108: =IF($CH107,IF(T112-S112<0,-0.5,IF(S112-T112<0,0.5,0)),IF($CA107,IF($BR108>$BR109,-0.5,IF($BR108<$BR109,0.5,0)),IF($CD107,IF($BU108>$BU109,-0.5,IF($BU108<$BU109,0.5,0)),0))) -> 0 | CO108: =IF($CI107,IF(S110-T110<0,-0.5,IF(T110-S110<0,0.5,0)),IF($CB107,IF($BS108>$BS110,-0.5,IF($BS108<$BS110,0.5,0)),IF($CD107,IF($BU108>$BU110,-0.5,IF($BU108<$BU110,0.5,0)),0))) -> 0
A109: =IF(OR(ISBLANK(S109),ISBLANK(T109)),1,0) -> 1 | C109: 47 | D109: K3 | E109: Group | F109: Group K | G109: =R109 -> Portugal | H109: =AN109 -> 1.7716802 | J109: Draw | K109: =AO109 -> 4.4477694 | M109: =U109 -> Uzbekistan | N109: =AP109 -> 4.7617776 | P109: 46196 | Q109: 0.79166667 | R109: =R107 -> Portugal | U109: =R108 -> Uzbekistan | W109: =BA109 -> 1 | X109: =INDEX(BE107:BE110,MATCH(BC109,$BD107:$BD110,0)) -> Uzbekistan | Y109: =INDEX(BF107:BF110,MATCH(BC109,$BD107:$BD110,0)) -> 0 | Z109: =INDEX(BG107:BG110,MATCH(BC109,$BD107:$BD110,0)) -> 0 | AA109: =INDEX(BH107:BH110,MATCH(BC109,$BD107:$BD110,0)) -> 0 | AB109: =INDEX(BI107:BI110,MATCH(BC109,$BD107:$BD110,0)) -> 0 | AE109: =R109 -> Portugal | AF109: =U109 -> Uzbekistan | AG109: =_xlfn.XLOOKUP(AE109,'FIFA rankings'!$B:$B,'FIFA rankings'!$D:$D) -> 1763.83 | AH109: =_xlfn.XLOOKUP(AF109,'FIFA rankings'!$B:$B,'FIFA rankings'!$D:$D) -> 1465.34 | AI109: =IFERROR(AG109-AH109,"n.a.") -> 298.49 | AK109: =IFERROR($AI$7*POWER(10,$AI109/$AI$6),"n.a.") -> 1.8680398 | AL109: =IFERROR($AI$7*POWER(10,-$AI109/$AI$6),"n.a.") -> 1.0492282 | AN109: {=1/SUMPRODUCT(_xlfn.POISSON.DIST(ROW($1:$8)-1,$AK109,FALSE)*_xlfn.POISSON.DIST(TRANSPOSE(ROW($1:$8)-1),$AL109,FALSE)*((ROW($1:$8)-1)>(TRANSPOSE(ROW($1:$8)-1))))} -> 1.7716802 | AO109: {=1/SUMPRODUCT(_xlfn.POISSON.DIST(ROW($1:$8)-1,$AK109,FALSE)*_xlfn.POISSON.DIST(TRANSPOSE(ROW($1:$8)-1),$AL109,FALSE)*((ROW($1:$8)-1)=(TRANSPOSE(ROW($1:$8)-1))))} -> 4.4477694 | AP109: {=1/SUMPRODUCT(_xlfn.POISSON.DIST(ROW($1:$8)-1,$AK109,FALSE)*_xlfn.POISSON.DIST(TRANSPOSE(ROW($1:$8)-1),$AL109,FALSE)*((ROW($1:$8)-1)<(TRANSPOSE(ROW($1:$8)-1))))} -> 4.7617776 | AS109: =1-SUM(1/AN109,1/AO109,1/AP109) -> 0.00072664532 | BA109: =IF(ROUND(BC109,0)=ROUND(BC108,0),BA108,3) -> 1 | BB109: =ROUND(BC109,0) -> 2 | BC109: =MIN(MAX(BD107:BD109),MAX(BD107,BD108,BD110),MAX(BD107,BD109,BD110),MAX(BD108:BD110)) -> 2.47 | BD109: =SUM(BV109:BY109)+2.47 -> 2.47 | BE109: =R108 -> Uzbekistan | BF109: =SUM(BJ109:BM109) -> 0 | BG109: =S108+T109+T112 -> 0 | BH109: =T108+S109+S112 -> 0 | BI109: =BG109-BH109 -> 0 | BJ109: =IF(ISBLANK(T109),0,IF(BL107=3,0,IF(BL107=1,1,3))) -> 0 | BK109: =IF(ISBLANK(T112),0,IF(T112>S112,3,IF(T112=S112,1,0))) -> 0 | BL109: x | BM109: =IF(ISBLANK(S108),0,IF(S108>T108,3,IF(S108=T108,1,0))) -> 0 | BN109: =10*(BI107-BI109)+BG107-BG109<0 -> FALSE | BO109: =10*(BI108-BI109)+BG108-BG109<0 -> FALSE | BP109: x | BQ109: =10*(BI109-BI110)+BG109-BG110>0 -> FALSE | BR109: =10000*(BJ109+BK109)+(T109-S109+T112-S112)*100+(T109+T112) -> 0 | BS109: x | BT109: =10000*(BJ109+BM109)+(S108-T108+T109-S109)*100+(S108+T109) -> 0 | BU109: =10000*(BK109+BM109)+(S108-T108+T112-S112)*100+(S108+T112) -> 0 | BV109: =-BX107 -> 0 | BW109: =-BX108 -> 0 | BX109: x | BY109: =IF($BF109>$BF110,-0.5,IF($BF110>$BF109,0.5,IF(BQ109,-0.5,IF(BP110,0.5,CO109)))) -> 0 | CN109: x | CO109: =IF($CJ107,IF(T108-S108<0,-0.5,IF(S108-T108<0,0.5,0)),IF($CC107,IF($BT109>$BT110,-0.5,IF($BT109<$BT110,0.5,0)),IF($CD107,IF($BU109>$BU110,-0.5,IF($BU109<$BU110,0.5,0)),0))) -> 0
A110: =IF(OR(ISBLANK(S110),ISBLANK(T110)),1,0) -> 1 | C110: 48 | D110: K4 | E110: Group | F110: Group K | G110: =R110 -> Colombia | H110: =AN110 -> 1.959831 | J110: Draw | K110: =AO110 -> 4.2022762 | M110: =U110 -> Congo DR | N110: =AP110 -> 3.9787176 | P110: 46197 | Q110: 0.16666667 | R110: =U108 -> Colombia | U110: =U107 -> Congo DR | W110: =BA110 -> 1 | X110: =INDEX(BE107:BE110,MATCH(BC110,$BD107:$BD110,0)) -> Colombia | Y110: =INDEX(BF107:BF110,MATCH(BC110,$BD107:$BD110,0)) -> 0 | Z110: =INDEX(BG107:BG110,MATCH(BC110,$BD107:$BD110,0)) -> 0 | AA110: =INDEX(BH107:BH110,MATCH(BC110,$BD107:$BD110,0)) -> 0 | AB110: =INDEX(BI107:BI110,MATCH(BC110,$BD107:$BD110,0)) -> 0 | AE110: =R110 -> Colombia | AF110: =U110 -> Congo DR | AG110: =_xlfn.XLOOKUP(AE110,'FIFA rankings'!$B:$B,'FIFA rankings'!$D:$D) -> 1693.09 | AH110: =_xlfn.XLOOKUP(AF110,'FIFA rankings'!$B:$B,'FIFA rankings'!$D:$D) -> 1478.35 | AI110: =IFERROR(AG110-AH110,"n.a.") -> 214.74 | AK110: =IFERROR($AI$7*POWER(10,$AI110/$AI$6),"n.a.") -> 1.7228257 | AL110: =IFERROR($AI$7*POWER(10,-$AI110/$AI$6),"n.a.") -> 1.1376659 | AN110: {=1/SUMPRODUCT(_xlfn.POISSON.DIST(ROW($1:$8)-1,$AK110,FALSE)*_xlfn.POISSON.DIST(TRANSPOSE(ROW($1:$8)-1),$AL110,FALSE)*((ROW($1:$8)-1)>(TRANSPOSE(ROW($1:$8)-1))))} -> 1.959831 | AO110: {=1/SUMPRODUCT(_xlfn.POISSON.DIST(ROW($1:$8)-1,$AK110,FALSE)*_xlfn.POISSON.DIST(TRANSPOSE(ROW($1:$8)-1),$AL110,FALSE)*((ROW($1:$8)-1)=(TRANSPOSE(ROW($1:$8)-1))))} -> 4.2022762 | AP110: {=1/SUMPRODUCT(_xlfn.POISSON.DIST(ROW($1:$8)-1,$AK110,FALSE)*_xlfn.POISSON.DIST(TRANSPOSE(ROW($1:$8)-1),$AL110,FALSE)*((ROW($1:$8)-1)<(TRANSPOSE(ROW($1:$8)-1))))} -> 3.9787176 | AS110: =1-SUM(1/AN110,1/AO110,1/AP110) -> 0.00044839066 | BA110: =IF(ROUND(BC110,0)=ROUND(BC109,0),BA109,4) -> 1 | BB110: =ROUND(BC110,0) -> 2 | BC110: =MAX(BD107:BD110) -> 2.48 | BD110: =SUM(BV110:BY110)+2.48 -> 2.48 | BE110: =U108 -> Colombia | BF110: =SUM(BJ110:BM110) -> 0 | BG110: =T108+S110+S111 -> 0 | BH110: =S108+T110+T111 -> 0 | BI110: =BG110-BH110 -> 0 | BJ110: =IF(ISBLANK(S111),0,IF(BM107=3,0,IF(BM107=1,1,3))) -> 0 | BK110: =IF(ISBLANK(S110),0,IF(BM108=3,0,IF(BM108=1,1,3))) -> 0 | BL110: =IF(ISBLANK(T108),0,IF(BM109=3,0,IF(BM109=1,1,3))) -> 0 | BM110: x | BN110: =10*(BI107-BI110)+BG107-BG110<0 -> FALSE | BO110: =10*(BI108-BI110)+BG108-BG110<0 -> FALSE | BP110: =10*(BI109-BI110)+BG109-BG110<0 -> FALSE | BQ110: x | BR110: x | BS110: =10000*(BJ110+BK110)+(S110-T110+S111-T111)*100+(S110+S111) -> 0 | BT110: =10000*(BJ110+BL110)+(S111-T111+T108-S108)*100+(S111+T108) -> 0 | BU110: =10000*(BK110+BL110)+(S110-T110+T108-S108)*100+(S110+T108) -> 0 | BV110: =-BY107 -> 0 | BW110: =-BY108 -> 0 | BX110: =-BY109 -> 0 | BY110: x | CO110: x
A111: =IF(OR(ISBLANK(S111),ISBLANK(T111)),1,0) -> 1 | C111: 71 | E111: Group | F111: Group K | G111: =R111 -> Colombia | H111: =AN111 -> 3.020882 | J111: Draw | K111: =AO111 -> 3.9815782 | M111: =U111 -> Portugal | N111: =AP111 -> 2.3947595 | P111: 46201 | Q111: 0.0625 | R111: =U108 -> Colombia | U111: =R107 -> Portugal | X111: =IF(OR(W109<3,W108<2),"TIRAGE AU SORT !!!"," ") -> TIRAGE AU SORT !!! | AE111: =R111 -> Colombia | AF111: =U111 -> Portugal | AG111: =_xlfn.XLOOKUP(AE111,'FIFA rankings'!$B:$B,'FIFA rankings'!$D:$D) -> 1693.09 | AH111: =_xlfn.XLOOKUP(AF111,'FIFA rankings'!$B:$B,'FIFA rankings'!$D:$D) -> 1763.83 | AI111: =IFERROR(AG111-AH111,"n.a.") -> -70.74 | AK111: =IFERROR($AI$7*POWER(10,$AI111/$AI$6),"n.a.") -> 1.3075032 | AL111: =IFERROR($AI$7*POWER(10,-$AI111/$AI$6),"n.a.") -> 1.4990403 | AN111: {=1/SUMPRODUCT(_xlfn.POISSON.DIST(ROW($1:$8)-1,$AK111,FALSE)*_xlfn.POISSON.DIST(TRANSPOSE(ROW($1:$8)-1),$AL111,FALSE)*((ROW($1:$8)-1)>(TRANSPOSE(ROW($1:$8)-1))))} -> 3.020882 | AO111: {=1/SUMPRODUCT(_xlfn.POISSON.DIST(ROW($1:$8)-1,$AK111,FALSE)*_xlfn.POISSON.DIST(TRANSPOSE(ROW($1:$8)-1),$AL111,FALSE)*((ROW($1:$8)-1)=(TRANSPOSE(ROW($1:$8)-1))))} -> 3.9815782 | AP111: {=1/SUMPRODUCT(_xlfn.POISSON.DIST(ROW($1:$8)-1,$AK111,FALSE)*_xlfn.POISSON.DIST(TRANSPOSE(ROW($1:$8)-1),$AL111,FALSE)*((ROW($1:$8)-1)<(TRANSPOSE(ROW($1:$8)-1))))} -> 2.3947595 | AS111: =1-SUM(1/AN111,1/AO111,1/AP111) -> 0.00023569159
A112: =IF(OR(ISBLANK(S112),ISBLANK(T112)),1,0) -> 1 | C112: 72 | E112: Group | F112: Group K | G112: =R112 -> Congo DR | H112: =AN112 -> 2.6212953 | J112: Draw | K112: =AO112 -> 3.956485 | M112: =U112 -> Uzbekistan | N112: =AP112 -> 2.7356355 | P112: 46201 | Q112: 0.0625 | R112: =U107 -> Congo DR | U112: =R108 -> Uzbekistan | AE112: =R112 -> Congo DR | AF112: =U112 -> Uzbekistan | AG112: =_xlfn.XLOOKUP(AE112,'FIFA rankings'!$B:$B,'FIFA rankings'!$D:$D) -> 1478.35 | AH112: =_xlfn.XLOOKUP(AF112,'FIFA rankings'!$B:$B,'FIFA rankings'!$D:$D) -> 1465.34 | AI112: =IFERROR(AG112-AH112,"n.a.") -> 13.01 | AK112: =IFERROR($AI$7*POWER(10,$AI112/$AI$6),"n.a.") -> 1.4177104 | AL112: =IFERROR($AI$7*POWER(10,-$AI112/$AI$6),"n.a.") -> 1.3825108 | AN112: {=1/SUMPRODUCT(_xlfn.POISSON.DIST(ROW($1:$8)-1,$AK112,FALSE)*_xlfn.POISSON.DIST(TRANSPOSE(ROW($1:$8)-1),$AL112,FALSE)*((ROW($1:$8)-1)>(TRANSPOSE(ROW($1:$8)-1))))} -> 2.6212953 | AO112: {=1/SUMPRODUCT(_xlfn.POISSON.DIST(ROW($1:$8)-1,$AK112,FALSE)*_xlfn.POISSON.DIST(TRANSPOSE(ROW($1:$8)-1),$AL112,FALSE)*((ROW($1:$8)-1)=(TRANSPOSE(ROW($1:$8)-1))))} -> 3.956485 | AP112: {=1/SUMPRODUCT(_xlfn.POISSON.DIST(ROW($1:$8)-1,$AK112,FALSE)*_xlfn.POISSON.DIST(TRANSPOSE(ROW($1:$8)-1),$AL112,FALSE)*((ROW($1:$8)-1)<(TRANSPOSE(ROW($1:$8)-1))))} -> 2.7356355 | AS112: =1-SUM(1/AN112,1/AO112,1/AP112) -> 0.00021383819
F114: Group L | G114: =$F114 & " / Odds" -> Group L / Odds | P114: =$F114 & " / Results" -> Group L / Results | X114: =X106 -> Ranking | Y114: Pts | Z114: GF | AA114: GA | AB114: ="+/-" -> +/- | BD114: Rank | BE114: Team | BF114: Pts | BG114: GF | BH114: GA | BI114: GD | BJ114: Ag1 | BK114: Ag2 | BL114: Ag3 | BM114: Ag4 | BN114: Sp1 | BO114: Sp2 | BP114: Sp3 | BQ114: Sp4 | BR114: T123 | BS114: T124 | BT114: T134 | BU114: T234 | BV114: Rk1 | BW114: Rk2 | BX114: Rk3 | BY114: Rk4 | BZ114: T1234 | CA114: T123 | CB114: T124 | CC114: T134 | CD114: T234 | CE114: T12 | CF114: T13 | CG114: T14 | CH114: T23 | CI114: T24 | CJ114: T34 | CK114: NoT | CL114: sRk1 | CM114: sRk2 | CN114: sRk3 | CO114: sRk4
A115: =IF(OR(ISBLANK(S115),ISBLANK(T115)),1,0) -> 1 | C115: 21 | D115: L1 | E115: Group | F115: Group L | G115: =R115 -> England | H115: =AN115 -> 2.2631322 | J115: Draw | K115: =AO115 -> 4.0174619 | M115: =U115 -> Croatia | N115: =AP115 -> 3.2367345 | P115: 46190 | Q115: 0.91666667 | R115: England | U115: Croatia | W115: =BA115 -> 1 | X115: =INDEX(BE115:BE118,MATCH(BC115,$BD115:$BD118,0)) -> England | Y115: =INDEX(BF115:BF118,MATCH(BC115,$BD115:$BD118,0)) -> 0 | Z115: =INDEX(BG115:BG118,MATCH(BC115,$BD115:$BD118,0)) -> 0 | AA115: =INDEX(BH115:BH118,MATCH(BC115,$BD115:$BD118,0)) -> 0 | AB115: =INDEX(BI115:BI118,MATCH(BC115,$BD115:$BD118,0)) -> 0 | AE115: =R115 -> England | AF115: =U115 -> Croatia | AG115: =_xlfn.XLOOKUP(AE115,'FIFA rankings'!$B:$B,'FIFA rankings'!$D:$D) -> 1825.97 | AH115: =_xlfn.XLOOKUP(AF115,'FIFA rankings'!$B:$B,'FIFA rankings'!$D:$D) -> 1717.07 | AI115: =IFERROR(AG115-AH115,"n.a.") -> 108.9 | AK115: =IFERROR($AI$7*POWER(10,$AI115/$AI$6),"n.a.") -> 1.555345 | AL115: =IFERROR($AI$7*POWER(10,-$AI115/$AI$6),"n.a.") -> 1.2601706 | AN115: {=1/SUMPRODUCT(_xlfn.POISSON.DIST(ROW($1:$8)-1,$AK115,FALSE)*_xlfn.POISSON.DIST(TRANSPOSE(ROW($1:$8)-1),$AL115,FALSE)*((ROW($1:$8)-1)>(TRANSPOSE(ROW($1:$8)-1))))} -> 2.2631322 | AO115: {=1/SUMPRODUCT(_xlfn.POISSON.DIST(ROW($1:$8)-1,$AK115,FALSE)*_xlfn.POISSON.DIST(TRANSPOSE(ROW($1:$8)-1),$AL115,FALSE)*((ROW($1:$8)-1)=(TRANSPOSE(ROW($1:$8)-1))))} -> 4.0174619 | AP115: {=1/SUMPRODUCT(_xlfn.POISSON.DIST(ROW($1:$8)-1,$AK115,FALSE)*_xlfn.POISSON.DIST(TRANSPOSE(ROW($1:$8)-1),$AL115,FALSE)*((ROW($1:$8)-1)<(TRANSPOSE(ROW($1:$8)-1))))} -> 3.2367345 | AS115: =1-SUM(1/AN115,1/AO115,1/AP115) -> 0.00026778012 | BA115: 1 | BB115: =ROUND(BC115,0) -> 2 | BC115: =MIN(BD115:BD118) -> 2.45 | BD115: =SUM(BV115:BY115)+2.45 -> 2.45 | BE115: =R115 -> England | BF115: =SUM(BJ115:BM115) -> 0 | BG115: =S115+S117+T119 -> 0 | BH115: =T115+T117+S119 -> 0 | BI115: =BG115-BH115 -> 0 | BJ115: x | BK115: =IF(ISBLANK(S115),0,IF(S115>T115,3,IF(S115=T115,1,0))) -> 0 | BL115: =IF(ISBLANK(S117),0,IF(S117>T117,3,IF(S117=T117,1,0))) -> 0 | BM115: =IF(ISBLANK(T119),0,IF(T119>S119,3,IF(T119=S119,1,0))) -> 0 | BN115: x | BO115: =(10*(BI115-BI116)+BG115-BG116>0) -> FALSE | BP115: =10*(BI115-BI117)+BG115-BG117>0 -> FALSE | BQ115: =10*(BI115-BI118)+BG115-BG118>0 -> FALSE | BR115: =10000*(BK115+BL115)+(S117-T117+S115-T115)*100+(S117+S115) -> 0 | BS115: =10000*(BK115+BM115)+(S115-T115+T119-S119)*100+(S115+T119) -> 0 | BT115: =10000*(BL115+BM115)+(T119-S119+S117-T117)*100+(T119+S117) -> 0 | BU115: x | BV115: x | BW115: =IF($BF115>$BF116,-0.5,IF($BF116>$BF115,0.5,IF(BO115,-0.5,IF(BN116,0.5,CM115)))) -> 0 | BX115: =IF($BF115>$BF117,-0.5,IF($BF117>$BF115,0.5,IF(BP115,-0.5,IF(BN117,0.5,CN115)))) -> 0 | BY115: =IF($BF115>$BF118,-0.5,IF($BF118>$BF115,0.5,IF(BQ115,-0.5,IF(BN118,0.5,CO115)))) -> 0 | BZ115: =AND(AND(BF115=BF116,BF116=BF117,BF117=BF118),AND(BG115=BG116,BG116=BG117,BG117=BG118),AND(BH115=BH116,BH116=BH117,BH117=BH118)) -> TRUE | CA115: =AND(NOT(BZ115),BF115=BF116,BF115=BF117,BG115=BG116,BG115=BG117,BH115=BH116,BH115=BH117) -> FALSE | CB115: =AND(NOT(BZ115),BF115=BF116,BF115=BF118,BG115=BG116,BG115=BG118,BH115=BH116,BH115=BH118) -> FALSE | CC115: =AND(NOT(BZ115),BF115=BF117,BF115=BF118,BG115=BG117,BG115=BG118,BH115=BH117,BH115=BH118) -> FALSE | CD115: =AND(NOT(BZ115),BF116=BF117,BF116=BF118,BG116=BG117,BG116=BG118,BH116=BH117,BH116=BH118) -> FALSE | CE115: =AND(NOT(BZ115),NOT(CA115),NOT(CB115),BF115=BF116,BG115=BG116,BH115=BH116) -> FALSE | CF115: =AND(NOT(BZ115),NOT(CA115),NOT(CC115),BF115=BF117,BG115=BG117,BH115=BH117) -> FALSE | CG115: =AND(NOT(BZ115),NOT(CB115),NOT(CC115),BF115=BF118,BG115=BG118,BH115=BH118) -> FALSE | CH115: =AND(NOT(BZ115),NOT(CA115),NOT(CD115),BF116=BF117,BG116=BG117) -> FALSE | CI115: =AND(NOT(BZ115),NOT(CB115),NOT(CD115),BF116=BF118,BG116=BG118,BH116=BH118) -> FALSE | CJ115: =AND(NOT(BZ115),NOT(CC115),NOT(CD115),BF117=BF118,BG117=BG118,BH117=BH118) -> FALSE | CK115: {=AND(NOT(BZ115:CJ115))} -> FALSE | CL115: x | CM115: =IF($CE115,IF(T115-S115<0,-0.5,IF(S115-T115<0,0.5,0)),IF($CA115,IF($BR115>$BR116,-0.5,IF($BR115<$BR116,0.5,0)),IF($CB115,IF($BS115>$BS116,-0.5, IF($BS115<$BS116,0.5,0)),0))) -> 0 | CN115: =IF($CF115,IF(T117-S117<0,-0.5,IF(S117-T117<0,0.5,0)),IF($CA115,IF($BR115>$BR117,-0.5,IF($BR115<$BR117,0.5,0)),IF($CC115,IF($BT115>$BT117,-0.5,IF($BT115<$BT117,0.5,0)),0))) -> 0 | CO115: =IF($CG115,IF(S119-T119<0,-0.5,IF(T119-S119<0,0.5,0)),IF($CB115,IF($BS115>$BS118,-0.5,IF($BS115<$BS118,0.5,0)),IF($CC115,IF($BT115>$BT118,-0.5, IF($BT115<$BT118,0.5,0)),0))) -> 0
A116: =IF(OR(ISBLANK(S116),ISBLANK(T116)),1,0) -> 1 | C116: 22 | D116: L2 | E116: Group | F116: Group L | G116: =R116 -> Ghana | H116: =AN116 -> 3.8167633 | J116: Draw | K116: =AO116 -> 4.1563686 | M116: =U116 -> Panama | N116: =AP116 -> 2.0120639 | P116: 46191 | Q116: 0.041666667 | R116: Ghana | U116: Panama | W116: =BA116 -> 1 | X116: =INDEX(BE115:BE118,MATCH(BC116,$BD115:$BD118,0)) -> Croatia | Y116: =INDEX(BF115:BF118,MATCH(BC116,$BD115:$BD118,0)) -> 0 | Z116: =INDEX(BG115:BG118,MATCH(BC116,$BD115:$BD118,0)) -> 0 | AA116: =INDEX(BH115:BH118,MATCH(BC116,$BD115:$BD118,0)) -> 0 | AB116: =INDEX(BI115:BI118,MATCH(BC116,$BD115:$BD118,0)) -> 0 | AE116: =R116 -> Ghana | AF116: =U116 -> Panama | AG116: =_xlfn.XLOOKUP(AE116,'FIFA rankings'!$B:$B,'FIFA rankings'!$D:$D) -> 1346.31 | AH116: =_xlfn.XLOOKUP(AF116,'FIFA rankings'!$B:$B,'FIFA rankings'!$D:$D) -> 1540.64 | AI116: =IFERROR(AG116-AH116,"n.a.") -> -194.33 | AK116: =IFERROR($AI$7*POWER(10,$AI116/$AI$6),"n.a.") -> 1.1603248 | AL116: =IFERROR($AI$7*POWER(10,-$AI116/$AI$6),"n.a.") -> 1.6891822 | AN116: {=1/SUMPRODUCT(_xlfn.POISSON.DIST(ROW($1:$8)-1,$AK116,FALSE)*_xlfn.POISSON.DIST(TRANSPOSE(ROW($1:$8)-1),$AL116,FALSE)*((ROW($1:$8)-1)>(TRANSPOSE(ROW($1:$8)-1))))} -> 3.8167633 | AO116: {=1/SUMPRODUCT(_xlfn.POISSON.DIST(ROW($1:$8)-1,$AK116,FALSE)*_xlfn.POISSON.DIST(TRANSPOSE(ROW($1:$8)-1),$AL116,FALSE)*((ROW($1:$8)-1)=(TRANSPOSE(ROW($1:$8)-1))))} -> 4.1563686 | AP116: {=1/SUMPRODUCT(_xlfn.POISSON.DIST(ROW($1:$8)-1,$AK116,FALSE)*_xlfn.POISSON.DIST(TRANSPOSE(ROW($1:$8)-1),$AL116,FALSE)*((ROW($1:$8)-1)<(TRANSPOSE(ROW($1:$8)-1))))} -> 2.0120639 | AS116: =1-SUM(1/AN116,1/AO116,1/AP116) -> 0.00040115955 | BA116: =IF(ROUND(BC116,0)=ROUND(BC115,0),BA115,2) -> 1 | BB116: =ROUND(BC116,0) -> 2 | BC116: =MAX(MIN(BD115:BD117),MIN(BD115,BD116,BD118),MIN(BD115,BD117,BD118),MIN(BD116:BD118)) -> 2.46 | BD116: =SUM(BV116:BY116)+2.46 -> 2.46 | BE116: =U115 -> Croatia | BF116: =SUM(BJ116:BM116) -> 0 | BG116: =T115+T118+S120 -> 0 | BH116: =S115+S118+T120 -> 0 | BI116: =BG116-BH116 -> 0 | BJ116: =IF(ISBLANK(T115),0,IF(BK115=3,0,IF(BK115=1,1,3))) -> 0 | BK116: x | BL116: =IF(ISBLANK(S120),0,IF(BK117=3,0,IF(BK117=1,1,3))) -> 0 | BM116: =IF(ISBLANK(T118),0,IF(T118>S118,3,IF(T118=S118,1,0))) -> 0 | BN116: =(10*(BI115-BI116)+BG115-BG116<0) -> FALSE | BO116: x | BP116: =10*(BI116-BI117)+BG116-BG117>0 -> FALSE | BQ116: =10*(BI116-BI118)+BG116-BG118>0 -> FALSE | BR116: =10000*(BJ116+BL116)+(T115-S115+S120-T120)*100+(T115+S120) -> 0 | BS116: =10000*(BJ116+BM116)+(T115-S115+T118-S118)*100+(T115+T118) -> 0 | BT116: x | BU116: =10000*(BL116+BM116)+(T118-S118+S120-T120)*100+(T118+S120) -> 0 | BV116: =-BW115 -> 0 | BW116: x | BX116: =IF($BF116>$BF117,-0.5,IF($BF117>$BF116,0.5,IF(BP116,-0.5,IF(BO117,0.5,CN116)))) -> 0 | BY116: =IF($BF116>$BF118,-0.5,IF($BF118>$BF116,0.5,IF(BQ116,-0.5,IF(BO118,0.5,CO116)))) -> 0 | CM116: x | CN116: =IF($CH115,IF(T120-S120<0,-0.5,IF(S120-T120<0,0.5,0)),IF($CA115,IF($BR116>$BR117,-0.5,IF($BR116<$BR117,0.5,0)),IF($CD115,IF($BU116>$BU117,-0.5,IF($BU116<$BU117,0.5,0)),0))) -> 0 | CO116: =IF($CI115,IF(S118-T118<0,-0.5,IF(T118-S118<0,0.5,0)),IF($CB115,IF($BS116>$BS118,-0.5,IF($BS116<$BS118,0.5,0)),IF($CD115,IF($BU116>$BU118,-0.5,IF($BU116<$BU118,0.5,0)),0))) -> 0
A117: =IF(OR(ISBLANK(S117),ISBLANK(T117)),1,0) -> 1 | C117: 45 | D117: L3 | E117: Group | F117: Group L | G117: =R117 -> England | H117: =AN117 -> 1.47758 | J117: Draw | K117: =AO117 -> 5.3724704 | M117: =U117 -> Ghana | N117: =AP117 -> 7.4096802 | P117: 46196 | Q117: 0.91666667 | R117: =R115 -> England | U117: =R116 -> Ghana | W117: =BA117 -> 1 | X117: =INDEX(BE115:BE118,MATCH(BC117,$BD115:$BD118,0)) -> Ghana | Y117: =INDEX(BF115:BF118,MATCH(BC117,$BD115:$BD118,0)) -> 0 | Z117: =INDEX(BG115:BG118,MATCH(BC117,$BD115:$BD118,0)) -> 0 | AA117: =INDEX(BH115:BH118,MATCH(BC117,$BD115:$BD118,0)) -> 0 | AB117: =INDEX(BI115:BI118,MATCH(BC117,$BD115:$BD118,0)) -> 0 | AE117: =R117 -> England | AF117: =U117 -> Ghana | AG117: =_xlfn.XLOOKUP(AE117,'FIFA rankings'!$B:$B,'FIFA rankings'!$D:$D) -> 1825.97 | AH117: =_xlfn.XLOOKUP(AF117,'FIFA rankings'!$B:$B,'FIFA rankings'!$D:$D) -> 1346.31 | AI117: =IFERROR(AG117-AH117,"n.a.") -> 479.66 | AK117: =IFERROR($AI$7*POWER(10,$AI117/$AI$6),"n.a.") -> 2.2254207 | AL117: =IFERROR($AI$7*POWER(10,-$AI117/$AI$6),"n.a.") -> 0.88073233 | AN117: {=1/SUMPRODUCT(_xlfn.POISSON.DIST(ROW($1:$8)-1,$AK117,FALSE)*_xlfn.POISSON.DIST(TRANSPOSE(ROW($1:$8)-1),$AL117,FALSE)*((ROW($1:$8)-1)>(TRANSPOSE(ROW($1:$8)-1))))} -> 1.47758 | AO117: {=1/SUMPRODUCT(_xlfn.POISSON.DIST(ROW($1:$8)-1,$AK117,FALSE)*_xlfn.POISSON.DIST(TRANSPOSE(ROW($1:$8)-1),$AL117,FALSE)*((ROW($1:$8)-1)=(TRANSPOSE(ROW($1:$8)-1))))} -> 5.3724704 | AP117: {=1/SUMPRODUCT(_xlfn.POISSON.DIST(ROW($1:$8)-1,$AK117,FALSE)*_xlfn.POISSON.DIST(TRANSPOSE(ROW($1:$8)-1),$AL117,FALSE)*((ROW($1:$8)-1)<(TRANSPOSE(ROW($1:$8)-1))))} -> 7.4096802 | AS117: =1-SUM(1/AN117,1/AO117,1/AP117) -> 0.0021249908 | BA117: =IF(ROUND(BC117,0)=ROUND(BC116,0),BA116,3) -> 1 | BB117: =ROUND(BC117,0) -> 2 | BC117: =MIN(MAX(BD115:BD117),MAX(BD115,BD116,BD118),MAX(BD115,BD117,BD118),MAX(BD116:BD118)) -> 2.47 | BD117: =SUM(BV117:BY117)+2.47 -> 2.47 | BE117: =R116 -> Ghana | BF117: =SUM(BJ117:BM117) -> 0 | BG117: =S116+T117+T120 -> 0 | BH117: =T116+S117+S120 -> 0 | BI117: =BG117-BH117 -> 0 | BJ117: =IF(ISBLANK(T117),0,IF(BL115=3,0,IF(BL115=1,1,3))) -> 0 | BK117: =IF(ISBLANK(T120),0,IF(T120>S120,3,IF(T120=S120,1,0))) -> 0 | BL117: x | BM117: =IF(ISBLANK(S116),0,IF(S116>T116,3,IF(S116=T116,1,0))) -> 0 | BN117: =10*(BI115-BI117)+BG115-BG117<0 -> FALSE | BO117: =10*(BI116-BI117)+BG116-BG117<0 -> FALSE | BP117: x | BQ117: =10*(BI117-BI118)+BG117-BG118>0 -> FALSE | BR117: =10000*(BJ117+BK117)+(T117-S117+T120-S120)*100+(T117+T120) -> 0 | BS117: x | BT117: =10000*(BJ117+BM117)+(S116-T116+T117-S117)*100+(S116+T117) -> 0 | BU117: =10000*(BK117+BM117)+(S116-T116+T120-S120)*100+(S116+T120) -> 0 | BV117: =-BX115 -> 0 | BW117: =-BX116 -> 0 | BX117: x | BY117: =IF($BF117>$BF118,-0.5,IF($BF118>$BF117,0.5,IF(BQ117,-0.5,IF(BP118,0.5,CO117)))) -> 0 | CN117: x | CO117: =IF($CJ115,IF(T116-S116<0,-0.5,IF(S116-T116<0,0.5,0)),IF($CC115,IF($BT117>$BT118,-0.5,IF($BT117<$BT118,0.5,0)),IF($CD115,IF($BU117>$BU118,-0.5,IF($BU117<$BU118,0.5,0)),0))) -> 0
A118: =IF(OR(ISBLANK(S118),ISBLANK(T118)),1,0) -> 1 | C118: 46 | D118: L4 | E118: Group | F118: Group L | G118: =R118 -> Panama | H118: =AN118 -> 3.6827388 | J118: Draw | K118: =AO118 -> 4.1202772 | M118: =U118 -> Croatia | N118: =AP118 -> 2.0601747 | P118: 46197 | Q118: 0.041666667 | R118: =U116 -> Panama | U118: =U115 -> Croatia | W118: =BA118 -> 1 | X118: =INDEX(BE115:BE118,MATCH(BC118,$BD115:$BD118,0)) -> Panama | Y118: =INDEX(BF115:BF118,MATCH(BC118,$BD115:$BD118,0)) -> 0 | Z118: =INDEX(BG115:BG118,MATCH(BC118,$BD115:$BD118,0)) -> 0 | AA118: =INDEX(BH115:BH118,MATCH(BC118,$BD115:$BD118,0)) -> 0 | AB118: =INDEX(BI115:BI118,MATCH(BC118,$BD115:$BD118,0)) -> 0 | AE118: =R118 -> Panama | AF118: =U118 -> Croatia | AG118: =_xlfn.XLOOKUP(AE118,'FIFA rankings'!$B:$B,'FIFA rankings'!$D:$D) -> 1540.64 | AH118: =_xlfn.XLOOKUP(AF118,'FIFA rankings'!$B:$B,'FIFA rankings'!$D:$D) -> 1717.07 | AI118: =IFERROR(AG118-AH118,"n.a.") -> -176.43 | AK118: =IFERROR($AI$7*POWER(10,$AI118/$AI$6),"n.a.") -> 1.1805683 | AL118: =IFERROR($AI$7*POWER(10,-$AI118/$AI$6),"n.a.") -> 1.6602174 | AN118: {=1/SUMPRODUCT(_xlfn.POISSON.DIST(ROW($1:$8)-1,$AK118,FALSE)*_xlfn.POISSON.DIST(TRANSPOSE(ROW($1:$8)-1),$AL118,FALSE)*((ROW($1:$8)-1)>(TRANSPOSE(ROW($1:$8)-1))))} -> 3.6827388 | AO118: {=1/SUMPRODUCT(_xlfn.POISSON.DIST(ROW($1:$8)-1,$AK118,FALSE)*_xlfn.POISSON.DIST(TRANSPOSE(ROW($1:$8)-1),$AL118,FALSE)*((ROW($1:$8)-1)=(TRANSPOSE(ROW($1:$8)-1))))} -> 4.1202772 | AP118: {=1/SUMPRODUCT(_xlfn.POISSON.DIST(ROW($1:$8)-1,$AK118,FALSE)*_xlfn.POISSON.DIST(TRANSPOSE(ROW($1:$8)-1),$AL118,FALSE)*((ROW($1:$8)-1)<(TRANSPOSE(ROW($1:$8)-1))))} -> 2.0601747 | AS118: =1-SUM(1/AN118,1/AO118,1/AP118) -> 0.00036511789 | BA118: =IF(ROUND(BC118,0)=ROUND(BC117,0),BA117,4) -> 1 | BB118: =ROUND(BC118,0) -> 2 | BC118: =MAX(BD115:BD118) -> 2.48 | BD118: =SUM(BV118:BY118)+2.48 -> 2.48 | BE118: =U116 -> Panama | BF118: =SUM(BJ118:BM118) -> 0 | BG118: =T116+S118+S119 -> 0 | BH118: =S116+T118+T119 -> 0 | BI118: =BG118-BH118 -> 0 | BJ118: =IF(ISBLANK(S119),0,IF(BM115=3,0,IF(BM115=1,1,3))) -> 0 | BK118: =IF(ISBLANK(S118),0,IF(BM116=3,0,IF(BM116=1,1,3))) -> 0 | BL118: =IF(ISBLANK(T116),0,IF(BM117=3,0,IF(BM117=1,1,3))) -> 0 | BM118: x | BN118: =10*(BI115-BI118)+BG115-BG118<0 -> FALSE | BO118: =10*(BI116-BI118)+BG116-BG118<0 -> FALSE | BP118: =10*(BI117-BI118)+BG117-BG118<0 -> FALSE | BQ118: x | BR118: x | BS118: =10000*(BJ118+BK118)+(S118-T118+S119-T119)*100+(S118+S119) -> 0 | BT118: =10000*(BJ118+BL118)+(S119-T119+T116-S116)*100+(S119+T116) -> 0 | BU118: =10000*(BK118+BL118)+(S118-T118+T116-S116)*100+(S118+T116) -> 0 | BV118: =-BY115 -> 0 | BW118: =-BY116 -> 0 | BX118: =-BY117 -> 0 | BY118: x | CO118: x
A119: =IF(OR(ISBLANK(S119),ISBLANK(T119)),1,0) -> 1 | C119: 67 | E119: Group | F119: Group L | G119: =R119 -> Panama | H119: =AN119 -> 4.6246376 | J119: Draw | K119: =AO119 -> 4.4027368 | M119: =U119 -> England | N119: =AP119 -> 1.798681 | P119: 46200 | Q119: 0.95833333 | R119: =U116 -> Panama | U119: =R115 -> England | X119: =IF(OR(W117<3,W116<2),"TIRAGE AU SORT !!!"," ") -> TIRAGE AU SORT !!! | AE119: =R119 -> Panama | AF119: =U119 -> England | AG119: =_xlfn.XLOOKUP(AE119,'FIFA rankings'!$B:$B,'FIFA rankings'!$D:$D) -> 1540.64 | AH119: =_xlfn.XLOOKUP(AF119,'FIFA rankings'!$B:$B,'FIFA rankings'!$D:$D) -> 1825.97 | AI119: =IFERROR(AG119-AH119,"n.a.") -> -285.33 | AK119: =IFERROR($AI$7*POWER(10,$AI119/$AI$6),"n.a.") -> 1.0626553 | AL119: =IFERROR($AI$7*POWER(10,-$AI119/$AI$6),"n.a.") -> 1.8444363 | AN119: {=1/SUMPRODUCT(_xlfn.POISSON.DIST(ROW($1:$8)-1,$AK119,FALSE)*_xlfn.POISSON.DIST(TRANSPOSE(ROW($1:$8)-1),$AL119,FALSE)*((ROW($1:$8)-1)>(TRANSPOSE(ROW($1:$8)-1))))} -> 4.6246376 | AO119: {=1/SUMPRODUCT(_xlfn.POISSON.DIST(ROW($1:$8)-1,$AK119,FALSE)*_xlfn.POISSON.DIST(TRANSPOSE(ROW($1:$8)-1),$AL119,FALSE)*((ROW($1:$8)-1)=(TRANSPOSE(ROW($1:$8)-1))))} -> 4.4027368 | AP119: {=1/SUMPRODUCT(_xlfn.POISSON.DIST(ROW($1:$8)-1,$AK119,FALSE)*_xlfn.POISSON.DIST(TRANSPOSE(ROW($1:$8)-1),$AL119,FALSE)*((ROW($1:$8)-1)<(TRANSPOSE(ROW($1:$8)-1))))} -> 1.798681 | AS119: =1-SUM(1/AN119,1/AO119,1/AP119) -> 0.00067242655
A120: =IF(OR(ISBLANK(S120),ISBLANK(T120)),1,0) -> 1 | C120: 68 | E120: Group | F120: Group L | G120: =R120 -> Croatia | H120: =AN120 -> 1.6382453 | J120: Draw | K120: =AO120 -> 4.7433498 | M120: =U120 -> Ghana | N120: =AP120 -> 5.6289512 | P120: 46200 | Q120: 0.95833333 | R120: =U115 -> Croatia | U120: =R116 -> Ghana | AE120: =R120 -> Croatia | AF120: =U120 -> Ghana | AG120: =_xlfn.XLOOKUP(AE120,'FIFA rankings'!$B:$B,'FIFA rankings'!$D:$D) -> 1717.07 | AH120: =_xlfn.XLOOKUP(AF120,'FIFA rankings'!$B:$B,'FIFA rankings'!$D:$D) -> 1346.31 | AI120: =IFERROR(AG120-AH120,"n.a.") -> 370.76 | AK120: =IFERROR($AI$7*POWER(10,$AI120/$AI$6),"n.a.") -> 2.0031498 | AL120: =IFERROR($AI$7*POWER(10,-$AI120/$AI$6),"n.a.") -> 0.97845902 | AN120: {=1/SUMPRODUCT(_xlfn.POISSON.DIST(ROW($1:$8)-1,$AK120,FALSE)*_xlfn.POISSON.DIST(TRANSPOSE(ROW($1:$8)-1),$AL120,FALSE)*((ROW($1:$8)-1)>(TRANSPOSE(ROW($1:$8)-1))))} -> 1.6382453 | AO120: {=1/SUMPRODUCT(_xlfn.POISSON.DIST(ROW($1:$8)-1,$AK120,FALSE)*_xlfn.POISSON.DIST(TRANSPOSE(ROW($1:$8)-1),$AL120,FALSE)*((ROW($1:$8)-1)=(TRANSPOSE(ROW($1:$8)-1))))} -> 4.7433498 | AP120: {=1/SUMPRODUCT(_xlfn.POISSON.DIST(ROW($1:$8)-1,$AK120,FALSE)*_xlfn.POISSON.DIST(TRANSPOSE(ROW($1:$8)-1),$AL120,FALSE)*((ROW($1:$8)-1)<(TRANSPOSE(ROW($1:$8)-1))))} -> 5.6289512 | AS120: =1-SUM(1/AN120,1/AO120,1/AP120) -> 0.0011163532
X123: Best Third places | Y123: Pts | Z123: ="+/-" -> +/- | AA123: GS | AB123: Group
W124: 1 | X124: =IFERROR(+INDEX('Best 3rds calculation'!$B$15:$B$26,MATCH($W124,'Best 3rds calculation'!$L$15:$L$26,0)),"n.a.") -> Korea Republic | Y124: =IFERROR(+INDEX('Best 3rds calculation'!F$15:F$26,MATCH($W124,'Best 3rds calculation'!$L$15:$L$26,0)),"n.a.") -> 0 | Z124: =IFERROR(+INDEX('Best 3rds calculation'!G$15:G$26,MATCH($W124,'Best 3rds calculation'!$L$15:$L$26,0)),"n.a.") -> 0 | AA124: =IFERROR(+INDEX('Best 3rds calculation'!H$15:H$26,MATCH($W124,'Best 3rds calculation'!$L$15:$L$26,0)),"n.a.") -> 0 | AB124: =IFERROR(+INDEX('Best 3rds calculation'!D$15:D$26,MATCH($W124,'Best 3rds calculation'!$L$15:$L$26,0)),"n.a.") -> A
W125: =W124+1 -> 2 | X125: =IFERROR(+INDEX('Best 3rds calculation'!$B$15:$B$26,MATCH($W125,'Best 3rds calculation'!$L$15:$L$26,0)),"n.a.") -> Qatar | Y125: =IFERROR(+INDEX('Best 3rds calculation'!F$15:F$26,MATCH($W125,'Best 3rds calculation'!$L$15:$L$26,0)),"n.a.") -> 0 | Z125: =IFERROR(+INDEX('Best 3rds calculation'!G$15:G$26,MATCH($W125,'Best 3rds calculation'!$L$15:$L$26,0)),"n.a.") -> 0 | AA125: =IFERROR(+INDEX('Best 3rds calculation'!H$15:H$26,MATCH($W125,'Best 3rds calculation'!$L$15:$L$26,0)),"n.a.") -> 0 | AB125: =IFERROR(+INDEX('Best 3rds calculation'!D$15:D$26,MATCH($W125,'Best 3rds calculation'!$L$15:$L$26,0)),"n.a.") -> B
...

Sheet Last 8 teams predictions
A1: FIF8A World Cup 2026
A2: =MID(CELL("filename",A1),FIND("]",CELL("filename",A1))+1,50) -> Last 8 teams predictions
F3: Tab Check | G3: GLOBAL CHECK
F4: =IF(SUM(A9:A16)>0,"Uncomplete","OK") -> Uncomplete | G4: =IF(AND('Player Template'!$B$4="OK",'Last 8 teams predictions'!$F$4="OK"),"OK","Uncomplete") -> Uncomplete
F8: Who will go into the quarter-finals? | I8: Who will go into the semi-finals? | L8: Who will go into the Final? | O8: Who will win the World Cup 2026?
A9: =IF(OR(ISBLANK(F9),ISBLANK(I9),ISBLANK(L9),ISBLANK(O9)),1,0) -> 1 | B9: Q1 | C9: S1 | D9: F1 | E9: W
A10: =IF(OR(ISBLANK(F10),ISBLANK(I10),ISBLANK(L10)),1,0) -> 1 | B10: Q2 | C10: S2 | D10: F2
A11: =IF(OR(ISBLANK(F11),ISBLANK(I11)),1,0) -> 1 | B11: Q3 | C11: S3
A12: =IF(OR(ISBLANK(F12),ISBLANK(I12)),1,0) -> 1 | B12: Q4 | C12: S4
A13: =IF(OR(ISBLANK(F13)),1,0) -> 1 | B13: Q5
A14: =IF(OR(ISBLANK(F14)),1,0) -> 1 | B14: Q6
A15: =IF(OR(ISBLANK(F15)),1,0) -> 1 | B15: Q7
A16: =IF(OR(ISBLANK(F16)),1,0) -> 1 | B16: Q8

Sheet Base Player
A1: Match code | B1: Team A | C1: Team B | D1: Goals A | E1: Goals B
A2: 1 | B2: =_xlfn.XLOOKUP($A2,'Player Template'!$C:$C,'Player Template'!R:R) -> Mexico | C2: =_xlfn.XLOOKUP($A2,'Player Template'!$C:$C,'Player Template'!U:U) -> South Africa | D2: =_xlfn.XLOOKUP($A2,'Player Template'!$C:$C,'Player Template'!S:S) -> 0 | E2: =_xlfn.XLOOKUP($A2,'Player Template'!$C:$C,'Player Template'!T:T) -> 0
A3: 2 | B3: =_xlfn.XLOOKUP($A3,'Player Template'!$C:$C,'Player Template'!R:R) -> Korea Republic | C3: =_xlfn.XLOOKUP($A3,'Player Template'!$C:$C,'Player Template'!U:U) -> Czechia | D3: =_xlfn.XLOOKUP($A3,'Player Template'!$C:$C,'Player Template'!S:S) -> 0 | E3: =_xlfn.XLOOKUP($A3,'Player Template'!$C:$C,'Player Template'!T:T) -> 0
